iddesa,quadrant
7401050016,1.0
7401050019,1.0
7401050020,1.0
7401050021,1.0
7401050022,4.0
7401050023,1.0
7401050025,1.0
7401050027,1.0
7401050028,1.0
7401050029,1.0
7401050030,1.0
7401050031,1.0
7401050032,1.0
7401051008,3.0
7401051009,1.0
7401051011,1.0
7401051012,1.0
7401051013,1.0
7401051014,1.0
7401051015,1.0
7401051017,1.0
7401051021,1.0
7401051023,1.0
7401052002,1.0
7401052004,1.0
7401052005,1.0
7401052006,1.0
7401052007,1.0
7401052008,1.0
7401052009,3.0
7401052011,1.0
7401060006,2.0
7401060007,2.0
7401060008,2.0
7401060009,4.0
7401060010,3.0
7401060011,3.0
7401060013,3.0
7401060017,1.0
7401060018,1.0
7401060019,1.0
7401060020,1.0
7401060021,1.0
7401060022,3.0
7401060029,1.0
7401060030,3.0
7401060031,1.0
7401061025,3.0
7401061027,1.0
7401061028,1.0
7401061030,3.0
7401062001,1.0
7401110002,1.0
7401110003,3.0
7401110004,3.0
7401110005,1.0
7401110006,1.0
7401110007,1.0
7401110008,3.0
7401110009,1.0
7401110010,1.0
7401110011,3.0
7401110012,1.0
7401110013,3.0
7401110014,1.0
7401110015,1.0
7401110016,1.0
7401110017,1.0
7402010008,3.0
7402010011,3.0
7402010013,3.0
7402010014,3.0
7402010015,3.0
7402010016,1.0
7402010017,3.0
7402010018,1.0
7402010019,1.0
7402011001,1.0
7402011002,1.0
7402011003,3.0
7402011006,3.0
7402020010,1.0
7402020011,3.0
7402020012,1.0
7402020013,1.0
7402020014,1.0
7402020016,3.0
7402020017,3.0
7402020018,3.0
7402020019,1.0
7402020020,1.0
7402021006,1.0
7402021007,3.0
7402021008,3.0
7402021011,3.0
7402021012,3.0
7402022003,3.0
7402022004,3.0
7402030001,3.0
7402030002,1.0
7402030003,1.0
7402030004,1.0
7402030006,3.0
7402030007,3.0
7402030008,1.0
7402030009,1.0
7402030010,1.0
7402030019,1.0
7402031001,1.0
7402031002,3.0
7402031003,1.0
7402031004,3.0
7402031005,1.0
7402031006,1.0
7402031007,3.0
7402031008,1.0
7402031009,3.0
7402032001,1.0
7402032002,1.0
7402032003,1.0
7402032004,1.0
7402061001,1.0
7402061005,1.0
7402062002,3.0
7402062005,3.0
7402062006,3.0
7402062007,1.0
7402062008,3.0
7402070023,2.0
7402071004,3.0
7402072001,4.0
7402072006,4.0
7402073002,2.0
7402080008,3.0
7402080009,1.0
7402080010,3.0
7402080011,3.0
7402080012,3.0
7402080013,1.0
7402081001,1.0
7402081002,2.0
7402081007,1.0
7402090011,3.0
7402090012,3.0
7402090013,1.0
7402091007,1.0
7402091008,3.0
7402091010,1.0
7402092002,3.0
7402092004,3.0
7402111004,3.0
7402111005,1.0
7402111008,3.0
7402111009,3.0
7402112001,3.0
7402112002,1.0
7402112003,1.0
7403090012,1.0
7403090013,1.0
7403090018,4.0
7403090019,3.0
7403091009,4.0
7403091010,3.0
7403091011,1.0
7403100013,3.0
7403100015,4.0
7403100016,4.0
7403100017,3.0
7403100018,2.0
7403100019,4.0
7403100024,2.0
7403101010,4.0
7403101011,2.0
7403101012,2.0
7403101013,2.0
7403101014,2.0
7403101015,4.0
7403101026,2.0
7403101027,4.0
7403101028,4.0
7403102003,3.0
7403102004,3.0
7403102006,1.0
7403102009,1.0
7403102010,3.0
7403102015,1.0
7403103001,2.0
7403103002,4.0
7403103003,2.0
7403103007,2.0
7403103008,4.0
7403103009,4.0
7403103010,4.0
7403103012,4.0
7403103014,4.0
7403104003,4.0
7403104004,2.0
7403104008,2.0
7403104009,4.0
7403104010,2.0
7403105001,3.0
7403105002,2.0
7403105003,4.0
7403105004,2.0
7403105005,4.0
7403105006,4.0
7403105007,4.0
7403105008,2.0
7403105009,4.0
7403105010,2.0
7403130045,3.0
7403130046,3.0
7403130047,3.0
7403130048,4.0
7403130049,1.0
7403130055,3.0
7403130056,3.0
7403130059,3.0
7403130060,3.0
7403130061,1.0
7403131001,3.0
7403131002,1.0
7403131003,4.0
7403131004,3.0
7403131005,2.0
7403131007,4.0
7403131008,4.0
7403131009,3.0
7403131010,4.0
7403131011,4.0
7403131012,4.0
7403131013,4.0
7403131014,4.0
7403131015,1.0
7403131017,1.0
7403131018,1.0
7403131019,4.0
7403132001,1.0
7403132002,1.0
7403132004,3.0
7403132005,1.0
7403132006,3.0
7403132007,1.0
7403132008,1.0
7403132009,3.0
7403132010,1.0
7403132011,1.0
7403132012,1.0
7403132013,1.0
7403132014,1.0
7403132016,1.0
7403133001,3.0
7403133002,3.0
7403133003,3.0
7403133004,3.0
7403133006,1.0
7403133007,3.0
7403133008,3.0
7403133009,1.0
7403133010,1.0
7403133011,3.0
7403133012,4.0
7403140003,3.0
7403140004,4.0
7403140005,3.0
7403140022,3.0
7403140023,4.0
7403140024,4.0
7403140025,4.0
7403140026,3.0
7403140027,1.0
7403140028,1.0
7403140029,4.0
7403140030,4.0
7403140031,3.0
7403140032,4.0
7403140033,4.0
7403140034,2.0
7403140035,1.0
7403140036,3.0
7403141001,3.0
7403141002,3.0
7403141003,1.0
7403141004,1.0
7403141005,3.0
7403141006,4.0
7403141015,4.0
7403141016,4.0
7403141017,3.0
7403141018,4.0
7403141021,4.0
7403141022,3.0
7403141025,3.0
7403141026,3.0
7403141029,3.0
7403141030,3.0
7403142001,4.0
7403142002,3.0
7403142003,1.0
7403142004,3.0
7403142005,1.0
7403142006,1.0
7403142007,1.0
7403142008,1.0
7403142009,3.0
7403142010,1.0
7403142011,1.0
7403142012,1.0
7403142013,1.0
7403142014,1.0
7403142015,4.0
7403143001,3.0
7403143002,3.0
7403143003,3.0
7403143004,3.0
7403143005,3.0
7403143006,4.0
7403143007,4.0
7403143008,4.0
7403143009,4.0
7403143010,3.0
7403143011,3.0
7403143012,4.0
7403143013,4.0
7403143014,4.0
7403150004,2.0
7403150009,4.0
7403150010,2.0
7403150011,2.0
7403150012,4.0
7403150013,2.0
7403150014,2.0
7403150015,4.0
7403150016,2.0
7403150017,2.0
7403150018,4.0
7403150019,4.0
7403150027,4.0
7403150030,3.0
7403150031,1.0
7403150032,1.0
7403150033,1.0
7403150034,1.0
7403150035,3.0
7403151001,1.0
7403151002,1.0
7403151003,1.0
7403151004,1.0
7403151005,1.0
7403151006,1.0
7403151007,1.0
7403151008,3.0
7403152001,4.0
7403152002,2.0
7403152003,4.0
7403152004,4.0
7403152005,2.0
7403152006,4.0
7403152007,3.0
7403152008,4.0
7403152009,2.0
7403152010,3.0
7403152011,4.0
7403152012,4.0
7403170001,2.0
7403170002,4.0
7403170003,4.0
7403170004,2.0
7403170005,2.0
7403170006,4.0
7403170007,4.0
7403170012,4.0
7403170013,2.0
7403170014,4.0
7403170015,4.0
7403170016,2.0
7403171001,3.0
7403171002,4.0
7403171003,4.0
7403171004,4.0
7403171005,1.0
7403171006,1.0
7403171007,1.0
7403171008,4.0
7403180012,1.0
7403180013,3.0
7403180014,3.0
7403180015,3.0
7403180016,3.0
7403180017,3.0
7403180018,3.0
7403180025,3.0
7403180035,3.0
7403180042,3.0
7403180043,3.0
7403180044,3.0
7403181001,1.0
7403181002,3.0
7403181003,1.0
7403181005,1.0
7403181006,1.0
7403181007,1.0
7403181008,1.0
7403181009,1.0
7403181011,1.0
7403182001,2.0
7403182002,2.0
7403182003,1.0
7403182004,1.0
7403182005,1.0
7403182006,1.0
7403182011,3.0
7403182013,3.0
7403182015,2.0
7403182016,1.0
7403183001,3.0
7403183002,3.0
7403183003,3.0
7403183004,1.0
7403183005,1.0
7403183006,1.0
7403183007,3.0
7403183008,1.0
7403183009,1.0
7403184001,3.0
7403184002,3.0
7403184003,3.0
7403184004,3.0
7403184005,3.0
7403184006,3.0
7403184007,3.0
7403184008,3.0
7403184009,3.0
7403184010,3.0
7403184011,3.0
7403185001,3.0
7403185002,3.0
7403185003,3.0
7403185004,1.0
7403185005,3.0
7403185006,4.0
7403185007,3.0
7403185008,3.0
7403185009,3.0
7403185010,3.0
7404010004,1.0
7404010006,3.0
7404010007,3.0
7404010008,4.0
7404010009,1.0
7404010010,2.0
7404010011,1.0
7404010013,1.0
7404010017,3.0
7404010018,1.0
7404010020,3.0
7404010021,4.0
7404010022,3.0
7404010023,1.0
7404011001,3.0
7404011002,1.0
7404011003,2.0
7404011004,2.0
7404011008,1.0
7404011009,1.0
7404011011,3.0
7404011013,1.0
7404011014,3.0
7404012001,3.0
7404012002,1.0
7404012003,3.0
7404012004,1.0
7404012005,1.0
7404012006,3.0
7404012007,4.0
7404012009,1.0
7404012010,1.0
7404013001,3.0
7404013002,1.0
7404013003,3.0
7404013005,3.0
7404013006,3.0
7404013007,3.0
7404020001,3.0
7404020002,3.0
7404020003,3.0
7404020004,3.0
7404020005,4.0
7404020006,4.0
7404020007,4.0
7404020008,4.0
7404020009,4.0
7404020010,4.0
7404020011,3.0
7404020012,3.0
7404030007,3.0
7404030011,2.0
7404030012,4.0
7404030013,4.0
7404030014,4.0
7404030016,1.0
7404030017,2.0
7404030019,3.0
7404030020,4.0
7404031001,2.0
7404031002,4.0
7404031003,3.0
7404031004,1.0
7404031005,2.0
7404031006,4.0
7404031007,4.0
7404031008,4.0
7404031009,4.0
7404060008,1.0
7404060009,4.0
7404060010,2.0
7404060011,2.0
7404060012,2.0
7404060013,2.0
7404060014,4.0
7404061001,3.0
7404061002,3.0
7404061003,4.0
7404061004,4.0
7404070010,4.0
7404070011,4.0
7404070012,3.0
7404070013,1.0
7404070014,1.0
7404070015,1.0
7404070016,2.0
7404070017,1.0
7404070018,3.0
7404070024,4.0
7404070025,3.0
7404070027,4.0
7404070028,1.0
7404071001,3.0
7404071002,3.0
7404071003,3.0
7404071004,3.0
7404071005,1.0
7404071006,1.0
7404071007,3.0
7404071008,2.0
7404071010,3.0
7404071011,3.0
7404071012,1.0
7404071013,4.0
7404071014,3.0
7404071015,2.0
7404071017,3.0
7404071018,3.0
7404071019,1.0
7404072001,1.0
7404072002,4.0
7404072003,3.0
7404072004,3.0
7404072006,1.0
7404072007,1.0
7404072008,2.0
7405010001,1.0
7405010002,1.0
7405010005,2.0
7405010006,2.0
7405010007,1.0
7405010008,1.0
7405010009,1.0
7405010012,3.0
7405010013,3.0
7405010014,1.0
7405010015,1.0
7405010016,1.0
7405010017,1.0
7405010038,1.0
7405010040,1.0
7405010041,1.0
7405010042,1.0
7405010043,1.0
7405010044,3.0
7405010045,2.0
7405010046,3.0
7405010047,1.0
7405011001,1.0
7405011002,1.0
7405011003,3.0
7405011004,3.0
7405011005,1.0
7405011006,3.0
7405011007,3.0
7405011008,3.0
7405011009,3.0
7405011010,4.0
7405011011,1.0
7405011012,1.0
7405011013,1.0
7405011014,1.0
7405011015,1.0
7405011017,3.0
7405011018,3.0
7405020001,1.0
7405020002,1.0
7405020003,1.0
7405020012,1.0
7405020013,2.0
7405020014,2.0
7405020015,2.0
7405020016,3.0
7405020031,1.0
7405020033,3.0
7405021001,1.0
7405021002,1.0
7405021003,1.0
7405021004,1.0
7405021005,2.0
7405021006,1.0
7405021007,1.0
7405021008,1.0
7405021009,1.0
7405021010,1.0
7405021011,1.0
7405021012,1.0
7405021013,1.0
7405021014,1.0
7405021015,1.0
7405021016,1.0
7405022001,1.0
7405022002,1.0
7405022003,1.0
7405022004,1.0
7405022005,1.0
7405022006,3.0
7405022007,1.0
7405022008,1.0
7405022009,1.0
7405022010,1.0
7405030011,4.0
7405030012,1.0
7405030013,3.0
7405030014,1.0
7405030015,1.0
7405030016,2.0
7405030017,3.0
7405030018,1.0
7405030019,1.0
7405030020,2.0
7405030021,1.0
7405030022,3.0
7405030030,1.0
7405030032,1.0
7405030033,4.0
7405031001,1.0
7405031002,3.0
7405031003,1.0
7405031004,1.0
7405031005,1.0
7405031007,1.0
7405031008,1.0
7405031009,3.0
7405031010,3.0
7405032001,1.0
7405032002,3.0
7405032003,1.0
7405032004,3.0
7405032005,3.0
7405032006,3.0
7405032007,3.0
7405032008,3.0
7405040017,1.0
7405040018,1.0
7405040019,1.0
7405040020,2.0
7405040021,3.0
7405040022,1.0
7405040023,3.0
7405040024,3.0
7405040025,1.0
7405040026,1.0
7405040027,3.0
7405040028,3.0
7405041001,1.0
7405041003,1.0
7405041004,3.0
7405041005,1.0
7405041006,3.0
7405041007,3.0
7405041008,1.0
7405041009,1.0
7405041010,1.0
7405041011,3.0
7405041012,4.0
7405041013,1.0
7405041014,3.0
7405041015,3.0
7405041016,3.0
7405041017,1.0
7405050003,3.0
7405050004,3.0
7405050005,1.0
7405050006,3.0
7405050007,3.0
7405050009,1.0
7405050010,3.0
7405050011,3.0
7405050013,3.0
7405050014,3.0
7405050015,3.0
7405050028,3.0
7405050030,3.0
7405051005,1.0
7405060005,3.0
7405060006,3.0
7405060008,1.0
7405060009,3.0
7405060011,1.0
7405060015,3.0
7405070001,3.0
7405070003,1.0
7405070004,1.0
7405070023,3.0
7405070024,4.0
7405070025,1.0
7405070026,3.0
7405070027,1.0
7405070028,1.0
7405070029,1.0
7405070030,1.0
7405070031,1.0
7405070040,1.0
7405070041,1.0
7405070044,3.0
7405071032,3.0
7405071033,4.0
7405071034,1.0
7405071035,3.0
7405071036,4.0
7405071037,4.0
7405071038,2.0
7405071039,2.0
7405071042,3.0
7405071043,4.0
7405080005,2.0
7405080006,4.0
7405080007,4.0
7405080008,4.0
7405080009,4.0
7405080010,4.0
7405080011,4.0
7405080013,4.0
7405080014,2.0
7405080015,4.0
7405080016,2.0
7405080017,2.0
7405080018,2.0
7405080019,4.0
7405080020,2.0
7405080021,4.0
7405081001,1.0
7405081002,1.0
7405081003,1.0
7405081004,1.0
7405081006,1.0
7405090002,3.0
7405090003,3.0
7405090005,2.0
7405090008,2.0
7405090009,4.0
7405090010,4.0
7405090011,4.0
7405090012,2.0
7405090013,2.0
7405090020,2.0
7405090021,1.0
7405091001,1.0
7405091002,4.0
7405091003,4.0
7405091004,1.0
7405091005,1.0
7405091006,3.0
7405091009,3.0
7405100007,1.0
7405100008,1.0
7405100009,1.0
7405100010,1.0
7405100011,2.0
7405100012,3.0
7405100013,2.0
7405100014,1.0
7405100015,1.0
7405100033,1.0
7405100035,2.0
7405100036,1.0
7405101001,1.0
7405101002,1.0
7405101003,1.0
7405101004,1.0
7405101005,2.0
7405101006,3.0
7405101007,1.0
7405101008,1.0
7405101009,2.0
7405101010,1.0
7405101011,1.0
7405101012,2.0
7405101013,1.0
7405101014,2.0
7405101015,1.0
7405101016,3.0
7405101017,1.0
7405101018,1.0
7405101019,1.0
7405101020,1.0
7405102001,3.0
7405102002,3.0
7405102003,3.0
7405102006,3.0
7405102007,3.0
7405102008,3.0
7405102009,1.0
7405102010,3.0
7405110016,1.0
7405110017,3.0
7405110018,1.0
7405110019,1.0
7405110020,1.0
7405110022,1.0
7405110023,1.0
7405110024,1.0
7405110025,1.0
7405110026,1.0
7405110027,1.0
7405110028,1.0
7405110029,1.0
7405110030,1.0
7405110032,1.0
7405110033,1.0
7405110034,1.0
7405110035,1.0
7405110036,1.0
7405110037,1.0
7405110038,1.0
7405110040,1.0
7405111001,1.0
7405111002,3.0
7405111003,1.0
7405111004,1.0
7405111005,3.0
7405111007,1.0
7405111008,1.0
7405111011,1.0
7405111014,1.0
7405111015,1.0
7405112001,1.0
7405112002,3.0
7405112003,3.0
7405112004,1.0
7405112005,3.0
7405112006,2.0
7405112007,3.0
7405112008,1.0
7405112010,3.0
7406010003,3.0
7406010004,3.0
7406011001,1.0
7406011002,1.0
7406011003,1.0
7406011004,3.0
7406011005,3.0
7406012001,3.0
7406012002,3.0
7406013001,1.0
7406013002,3.0
7406013004,1.0
7406020003,3.0
7406021004,3.0
7406021006,1.0
7406021007,1.0
7406030002,4.0
7406030003,2.0
7406030004,4.0
7406030005,4.0
7406031001,3.0
7406031002,3.0
7406031003,3.0
7406031004,3.0
7406031005,1.0
7406031007,1.0
7406031008,1.0
7406031010,1.0
7406031011,1.0
7406032002,1.0
7406033004,4.0
7406033005,4.0
7406040001,1.0
7406040002,1.0
7406040003,3.0
7406040004,3.0
7406040005,3.0
7406040006,1.0
7406040007,1.0
7406040008,1.0
7406040009,3.0
7406041001,3.0
7406041002,1.0
7406041003,3.0
7406041004,3.0
7406041005,3.0
7406041006,1.0
7406041007,1.0
7406041008,1.0
7406042001,1.0
7406042002,1.0
7406042003,1.0
7406042004,1.0
7406042005,1.0
7406043001,1.0
7406043002,1.0
7406043003,1.0
7406043004,1.0
7406043005,1.0
7406043006,1.0
7406043007,2.0
7406043008,3.0
7406043009,1.0
7406050003,1.0
7406050004,1.0
7406050009,1.0
7406050012,1.0
7406050016,1.0
7406051001,1.0
7406051002,3.0
7406051003,1.0
7406051004,3.0
7406051005,1.0
7406051006,1.0
7406051007,1.0
7406051008,3.0
7406052001,4.0
7406052002,3.0
7406052003,3.0
7406052004,1.0
7406052005,1.0
7406053001,3.0
7406053003,3.0
7406053004,3.0
7406053005,3.0
7406060001,3.0
7406060002,1.0
7406060003,1.0
7406060006,1.0
7406060007,1.0
7406060008,2.0
7406060009,3.0
7406060010,4.0
7406061001,3.0
7406061002,1.0
7406061003,3.0
7406061004,1.0
7406061005,3.0
7406061006,1.0
7406061007,1.0
7406061008,1.0
7406061010,1.0
7406061011,1.0
7406062001,1.0
7406062002,1.0
7406062003,1.0
7406062004,1.0
7406062005,1.0
7406063001,1.0
7406063002,1.0
7406063003,3.0
7406063004,1.0
7407010007,3.0
7407020001,3.0
7407021005,4.0
7407040013,4.0
7407040023,3.0
7407050004,3.0
7407050010,4.0
7407050013,3.0
7407050017,1.0
7408010005,1.0
7408010006,1.0
7408010007,1.0
7408010008,1.0
7408010016,3.0
7408010017,1.0
7408010018,1.0
7408011006,4.0
7408011007,2.0
7408012001,1.0
7408012002,1.0
7408012004,3.0
7408012006,3.0
7408012007,3.0
7408020012,3.0
7408020013,1.0
7408020014,1.0
7408020015,1.0
7408020016,2.0
7408020017,4.0
7408020018,3.0
7408020019,2.0
7408020026,2.0
7408020027,1.0
7408020028,1.0
7408020029,1.0
7408021001,3.0
7408021002,3.0
7408021003,3.0
7408021005,1.0
7408030001,3.0
7408030002,3.0
7408030004,3.0
7408030005,1.0
7408030006,1.0
7408030007,1.0
7408030008,1.0
7408030009,1.0
7408030017,1.0
7408030018,1.0
7408031001,3.0
7408031003,1.0
7408031004,1.0
7408031007,2.0
7408040003,1.0
7408040004,3.0
7408040005,2.0
7408040006,3.0
7408040007,2.0
7408040011,1.0
7408040014,1.0
7408040015,3.0
7408040016,2.0
7408040018,1.0
7408040019,1.0
7408041001,3.0
7408041002,1.0
7408041003,2.0
7408041004,3.0
7408041005,1.0
7408041006,1.0
7408041007,1.0
7408041008,1.0
7408050012,3.0
7408050013,3.0
7408050014,1.0
7408050015,1.0
7408050016,1.0
7408050017,1.0
7408050028,1.0
7408050035,3.0
7408050036,1.0
7408050037,3.0
7408050038,1.0
7408051001,1.0
7408051002,1.0
7408051003,3.0
7408051004,3.0
7408051005,3.0
7408051006,3.0
7408051007,1.0
7408051008,1.0
7408051009,3.0
7408052001,3.0
7408052002,3.0
7408052003,3.0
7408052004,1.0
7408052005,1.0
7408052007,3.0
7408052008,1.0
7408052009,3.0
7408052010,3.0
7408060001,3.0
7408060002,3.0
7408060004,3.0
7408060006,3.0
7408060007,3.0
7408060015,3.0
7408060018,3.0
7408060019,1.0
7408061001,1.0
7408061002,1.0
7408061003,3.0
7408061004,1.0
7408061005,3.0
7408061006,1.0
7408061007,1.0
7408061008,3.0
7408062001,1.0
7408062003,3.0
7408062004,3.0
7409100009,1.0
7409100011,1.0
7409100013,1.0
7409100014,1.0
7409100015,1.0
7409100016,1.0
7409100018,1.0
7409100019,1.0
7409100020,1.0
7409100022,1.0
7409100023,1.0
7409101001,1.0
7409101002,3.0
7409101003,3.0
7409101004,3.0
7409101005,3.0
7409101006,3.0
7409101007,1.0
7409101008,1.0
7409101010,1.0
7409101011,1.0
7409110011,1.0
7409110012,3.0
7409110018,3.0
7409120010,1.0
7409120012,1.0
7409120017,1.0
7409120018,1.0
7409120019,1.0
7409120020,3.0
7409120021,1.0
7409120022,2.0
7409121001,1.0
7409121002,1.0
7409121003,1.0
7409121004,1.0
7409121005,1.0
7409121007,1.0
7409121008,1.0
7409121009,1.0
7409121010,1.0
7409121011,1.0
7409121012,1.0
7409121013,1.0
7409121015,1.0
7409122003,1.0
7409122004,1.0
7409122007,1.0
7409122008,1.0
7409122009,1.0
7410010007,3.0
7410010008,3.0
7410010009,4.0
7410010030,2.0
7410010032,4.0
7410011001,4.0
7410011002,2.0
7410011003,4.0
7410011004,4.0
7410011005,4.0
7410011006,2.0
7410011009,4.0
7410011013,4.0
7410011014,4.0
7410011015,4.0
7410020001,1.0
7410020004,1.0
7410020005,3.0
7410020006,4.0
7410020010,3.0
7410030031,1.0
7410030032,1.0
7410030033,2.0
7410030034,2.0
7410030035,3.0
7410030036,3.0
7410030048,3.0
7410030054,3.0
7410030055,4.0
7410030056,3.0
7410030057,3.0
7410031004,3.0
7410031005,3.0
7410032003,1.0
7410032004,3.0
7410032005,3.0
7410032006,4.0
7410040001,3.0
7410040002,1.0
7410040003,4.0
7410040004,3.0
7410040005,3.0
7410040006,3.0
7410040007,1.0
7410040008,3.0
7410040009,3.0
7410050008,4.0
7410050009,3.0
7410050010,3.0
7410050011,3.0
7410050013,1.0
7410050051,3.0
7410050055,3.0
7410051001,3.0
7410051002,1.0
7410051004,4.0
7410051005,3.0
7410051006,3.0
7410051007,3.0
7410051008,3.0
7410051009,4.0
7410051012,2.0
7410051013,3.0
7410051022,2.0
7410052014,3.0
7410052015,3.0
7410052016,3.0
7410060003,4.0
7410060004,4.0
7410060005,4.0
7410060006,3.0
7410060007,3.0
7410060010,4.0
7410060011,4.0
7410060012,2.0
7410070003,1.0
7410070005,1.0
7410070006,3.0
7410070007,1.0
7410070008,1.0
7410070009,1.0
7410070018,3.0
7410070019,3.0
7410070020,1.0
7410070023,1.0
7410070029,1.0
7410071001,3.0
7410071003,3.0
7410071004,3.0
7410071005,1.0
7410071007,4.0
7410071008,3.0
7410071009,3.0
7410071010,3.0
7410071011,1.0
7411010001,1.0
7411010002,3.0
7411010003,1.0
7411010004,1.0
7411010005,1.0
7411010006,3.0
7411010007,3.0
7411010008,1.0
7411010009,3.0
7411010010,1.0
7411010011,1.0
7411020001,1.0
7411020002,3.0
7411020003,3.0
7411020004,3.0
7411020005,3.0
7411020006,3.0
7411020007,3.0
7411020008,3.0
7411020009,3.0
7411020010,2.0
7411020011,1.0
7411020012,1.0
7411020013,1.0
7411020014,1.0
7411020015,1.0
7411030001,1.0
7411030002,1.0
7411030003,1.0
7411030004,1.0
7411030005,1.0
7411030006,1.0
7411030007,2.0
7411030008,2.0
7411030009,1.0
7411030010,1.0
7411030011,2.0
7411030012,1.0
7411040001,3.0
7411040002,3.0
7411040003,1.0
7411040004,1.0
7411040005,1.0
7411040006,2.0
7411040007,4.0
7411040008,2.0
7411040009,1.0
7411040010,1.0
7411040011,1.0
7411040012,1.0
7411050001,1.0
7411050002,2.0
7411050003,1.0
7411050004,1.0
7411050005,1.0
7411050006,1.0
7411050007,3.0
7411050008,1.0
7411050009,2.0
7411050010,1.0
7411060001,1.0
7411060002,3.0
7411060003,2.0
7411060004,3.0
7411060005,1.0
7411060006,1.0
7411060007,1.0
7411060008,2.0
7411060009,1.0
7411070001,1.0
7411070002,1.0
7411070003,3.0
7411070004,1.0
7411070005,1.0
7411070006,2.0
7411070008,2.0
7411070009,3.0
7411070010,2.0
7411070011,3.0
7411070012,3.0
7411070013,3.0
7411070014,1.0
7411070015,1.0
7411070016,3.0
7411080001,3.0
7411080002,3.0
7411080003,3.0
7411080004,3.0
7411080005,3.0
7411090001,1.0
7411090002,1.0
7411090003,1.0
7411090004,1.0
7411090005,1.0
7411090006,1.0
7411090008,1.0
7411090009,1.0
7411090010,1.0
7411100002,1.0
7411100003,1.0
7411100004,3.0
7411100005,3.0
7411100006,1.0
7411100007,3.0
7411100008,1.0
7411100009,3.0
7411100010,1.0
7411100012,1.0
7411110001,1.0
7411110002,1.0
7411110003,1.0
7411110004,1.0
7411110005,3.0
7411110006,3.0
7411110007,3.0
7411110008,3.0
7411110009,1.0
7411110010,1.0
7411120001,3.0
7411120002,1.0
7411120003,3.0
7411120004,1.0
7411120005,1.0
7411120006,1.0
7411120007,1.0
7411120010,1.0
7412010004,4.0
7412010005,3.0
7412010006,3.0
7412010007,3.0
7412010008,1.0
7412010009,3.0
7412010010,1.0
7412010011,1.0
7412010014,1.0
7412020004,1.0
7412020005,3.0
7412020009,1.0
7412020011,1.0
7412020012,1.0
7412030003,1.0
7412030004,3.0
7412030005,1.0
7412030006,1.0
7412040005,1.0
7412040006,1.0
7412040007,3.0
7412040008,1.0
7412040009,1.0
7412040014,1.0
7412040016,1.0
7412040018,1.0
7412040019,1.0
7412040020,1.0
7412040021,1.0
7412050003,1.0
7412050004,1.0
7412050007,3.0
7412050009,3.0
7412050011,3.0
7412060003,1.0
7412060004,1.0
7412070011,2.0
7413010016,1.0
7413010017,3.0
7413010018,1.0
7413010019,1.0
7413010020,1.0
7413010021,1.0
7413010022,1.0
7413010026,3.0
7413010027,1.0
7413020001,3.0
7413020008,1.0
7413020009,1.0
7413020011,3.0
7413020013,1.0
7413030001,1.0
7413030002,1.0
7413030003,1.0
7413030004,2.0
7413030005,1.0
7413030011,1.0
7413030012,1.0
7413030024,2.0
7413040001,3.0
7413040002,1.0
7413040003,1.0
7413040004,3.0
7413040005,3.0
7413050001,1.0
7413050004,3.0
7413050005,1.0
7413050006,3.0
7413060008,1.0
7413060009,3.0
7413060010,1.0
7413060011,3.0
7413060012,3.0
7413060013,3.0
7413060015,3.0
7413070001,3.0
7413070002,1.0
7413070003,3.0
7413070004,1.0
7413070014,3.0
7413070015,3.0
7413070016,1.0
7413070017,1.0
7413070018,3.0
7413080002,3.0
7413080003,1.0
7413080007,3.0
7413080008,1.0
7413090001,1.0
7413090002,1.0
7413090003,3.0
7413090004,1.0
7413090005,1.0
7413090006,1.0
7413090007,1.0
7413100014,1.0
7413100016,3.0
7413100017,3.0
7413100018,3.0
7413100020,1.0
7413100021,3.0
7413110002,3.0
7413110003,1.0
7413110004,3.0
7413110005,3.0
7414010001,3.0
7414010003,3.0
7414010004,3.0
7414010005,3.0
7414020001,1.0
7414020002,3.0
7414020003,3.0
7414020010,4.0
7414020011,4.0
7414020013,3.0
7414020014,3.0
7414020028,3.0
7414020029,3.0
7414020030,1.0
7414020033,3.0
7414030009,3.0
7414030016,3.0
7414030026,3.0
7414040001,1.0
7414040002,3.0
7414040005,3.0
7414040006,3.0
7414040008,1.0
7414050001,3.0
7414050002,3.0
7414050003,3.0
7414050006,3.0
7414050007,1.0
7414050010,3.0
7414050012,3.0
7414050014,3.0
7414050015,3.0
7414060001,1.0
7414060002,3.0
7414060008,3.0
7414060010,3.0
7414060011,4.0
7414060013,3.0
7414060014,1.0
7414060017,1.0
7414070003,3.0
7414070006,4.0
7415020012,3.0
7415030007,1.0
7415030010,3.0
7415030020,3.0
7415030021,1.0
7415030022,3.0
7415030023,1.0
7415040012,1.0
7415040020,3.0
7415060010,1.0
7415070001,3.0
7415070003,2.0
7415070008,3.0
