iddesa,binding_constraint,tier,lever,note,magnitude,severity
7401050016,z_B2,Tier 1,Perluasan akses perbankan pemerintah dan koperasi simpan pinjam,,-0.27166923980560326,0.27166923980560326
7401050019,z_B3,Tier 2,,,-0.9874427823429638,0.9874427823429638
7401050020,z_B3,Tier 2,,"Konektivitas digital di bawah rata-rata, berasosiasi dengan keterbatasan diversifikasi pendapatan non-pertanian",-0.9874427823429638,0.9874427823429638
7401050021,z_B3,Tier 2,,,-0.9874427823429638,0.9874427823429638
7401050023,z_B2,Tier 1,Perluasan akses perbankan pemerintah dan koperasi simpan pinjam,,-0.27166923980560326,0.27166923980560326
7401050025,z_B2,Tier 1,Perluasan akses perbankan pemerintah dan koperasi simpan pinjam,,-0.27166923980560326,0.27166923980560326
7401050027,z_B3,Tier 2,,,-0.9874427823429638,0.9874427823429638
7401050028,z_B3,Tier 2,,,-0.9874427823429638,0.9874427823429638
7401050029,z_B2,Tier 1,Perluasan akses perbankan pemerintah dan koperasi simpan pinjam,,-0.27166923980560326,0.27166923980560326
7401050030,z_B3,Tier 2,,,-0.37828146420285336,0.37828146420285336
7401050031,z_B3,Tier 2,,,-0.9874427823429638,0.9874427823429638
7401050032,z_B1,Tier 1,Penguatan kepadatan usaha perdagangan lokal (pertokoan),,-0.5457930298744611,0.5457930298744611
7401051009,z_B1,Tier 1,Penguatan kepadatan usaha perdagangan lokal (pertokoan),"Konektivitas digital di bawah rata-rata, berasosiasi dengan keterbatasan diversifikasi pendapatan non-pertanian",-1.1909440374765494,1.1909440374765494
7401051011,z_B1,Tier 1,Penguatan kepadatan usaha perdagangan lokal (pertokoan),,-0.27803116902206426,0.27803116902206426
7401051012,z_B2,Tier 1,Perluasan akses perbankan pemerintah dan koperasi simpan pinjam,,-0.27166923980560326,0.27166923980560326
7401051013,z_B3,Tier 2,,,-0.9874427823429638,0.9874427823429638
7401051014,z_B1,Tier 1,Penguatan kepadatan usaha perdagangan lokal (pertokoan),,-1.1909440374765494,1.1909440374765494
7401051015,z_B2,Tier 1,Perluasan akses perbankan pemerintah dan koperasi simpan pinjam,,-0.27166923980560326,0.27166923980560326
7401051017,z_B3,Tier 2,,"Konektivitas digital di bawah rata-rata, berasosiasi dengan keterbatasan diversifikasi pendapatan non-pertanian",-0.9874427823429638,0.9874427823429638
7401051021,z_B3,Tier 2,,,-0.9874427823429638,0.9874427823429638
7401051023,z_B1,Tier 1,Penguatan kepadatan usaha perdagangan lokal (pertokoan),,-0.8135548907268579,0.8135548907268579
7401052002,z_B3,Tier 2,,,-0.9874427823429638,0.9874427823429638
7401052004,z_B1,Tier 1,Penguatan kepadatan usaha perdagangan lokal (pertokoan),"Konektivitas digital di bawah rata-rata, berasosiasi dengan keterbatasan diversifikasi pendapatan non-pertanian",-0.4023163351661838,0.4023163351661838
7401052005,z_B2,Tier 1,Perluasan akses perbankan pemerintah dan koperasi simpan pinjam,"Konektivitas digital di bawah rata-rata, berasosiasi dengan keterbatasan diversifikasi pendapatan non-pertanian",-0.27166923980560326,0.27166923980560326
7401052006,z_B3,Tier 2,,"Konektivitas digital di bawah rata-rata, berasosiasi dengan keterbatasan diversifikasi pendapatan non-pertanian",-0.9874427823429638,0.9874427823429638
7401052007,z_B3,Tier 2,,"Konektivitas digital di bawah rata-rata, berasosiasi dengan keterbatasan diversifikasi pendapatan non-pertanian",-0.9874427823429638,0.9874427823429638
7401052008,z_B1,Tier 1,Penguatan kepadatan usaha perdagangan lokal (pertokoan),,-0.3381007950824587,0.3381007950824587
7401052011,z_B3,Tier 2,,,-0.9874427823429638,0.9874427823429638
7401060017,z_B3,Tier 2,,,-0.33645876788950574,0.33645876788950574
7401060018,z_B3,Tier 2,,,-0.33645876788950574,0.33645876788950574
7401060019,z_B7,Tier 1,Pemenuhan layanan kesehatan dasar (pemerataan layanan),,-0.29213101705915423,0.29213101705915423
7401060020,z_B3,Tier 2,,,-0.6972251745582301,0.6972251745582301
7401060021,z_B3,Tier 2,,,-0.9874427823429638,0.9874427823429638
7401060029,z_B7,Tier 1,Pemenuhan layanan kesehatan dasar (pemerataan layanan),"Konektivitas digital di bawah rata-rata, berasosiasi dengan keterbatasan diversifikasi pendapatan non-pertanian",-0.29213101705915423,0.29213101705915423
7401060031,z_B7,Tier 1,Pemenuhan layanan kesehatan dasar (pemerataan layanan),,-0.29213101705915423,0.29213101705915423
7401061027,z_B3,Tier 2,,,-0.5679411542517364,0.5679411542517364
7401061028,z_B3,Tier 2,,,-0.9874427823429638,0.9874427823429638
7401062001,z_B3,Tier 2,,"Konektivitas digital di bawah rata-rata, berasosiasi dengan keterbatasan diversifikasi pendapatan non-pertanian",-0.9874427823429638,0.9874427823429638
7401110002,z_B2,Tier 1,Perluasan akses perbankan pemerintah dan koperasi simpan pinjam,,-0.27166923980560326,0.27166923980560326
7401110005,z_B7,Tier 1,Pemenuhan layanan kesehatan dasar (pemerataan layanan),,0.027476713750175352,-0.027476713750175352
7401110006,z_B1,Tier 1,Penguatan kepadatan usaha perdagangan lokal (pertokoan),"Konektivitas digital di bawah rata-rata, berasosiasi dengan keterbatasan diversifikasi pendapatan non-pertanian",-1.0474673427682717,1.0474673427682717
7401110007,z_B2,Tier 1,Perluasan akses perbankan pemerintah dan koperasi simpan pinjam,"Konektivitas digital di bawah rata-rata, berasosiasi dengan keterbatasan diversifikasi pendapatan non-pertanian",-0.27166923980560326,0.27166923980560326
7401110009,z_B2,Tier 1,Perluasan akses perbankan pemerintah dan koperasi simpan pinjam,"Konektivitas digital di bawah rata-rata, berasosiasi dengan keterbatasan diversifikasi pendapatan non-pertanian",-0.27166923980560326,0.27166923980560326
7401110010,z_B3,Tier 2,,,-0.9874427823429638,0.9874427823429638
7401110012,z_B7,Tier 1,Pemenuhan layanan kesehatan dasar (pemerataan layanan),,-0.29213101705915423,0.29213101705915423
7401110014,z_B1,Tier 1,Penguatan kepadatan usaha perdagangan lokal (pertokoan),"Konektivitas digital di bawah rata-rata, berasosiasi dengan keterbatasan diversifikasi pendapatan non-pertanian",-0.5457930298744611,0.5457930298744611
7401110015,z_B1,Tier 1,Penguatan kepadatan usaha perdagangan lokal (pertokoan),"Konektivitas digital di bawah rata-rata, berasosiasi dengan keterbatasan diversifikasi pendapatan non-pertanian",-0.6267794049360415,0.6267794049360415
7401110016,z_B7,Tier 1,Pemenuhan layanan kesehatan dasar (pemerataan layanan),,-0.29213101705915423,0.29213101705915423
7401110017,z_B7,Tier 1,Pemenuhan layanan kesehatan dasar (pemerataan layanan),,-0.29213101705915423,0.29213101705915423
7402010016,z_B7,Tier 1,Pemenuhan layanan kesehatan dasar (pemerataan layanan),,-0.29213101705915423,0.29213101705915423
7402010018,z_B7,Tier 1,Pemenuhan layanan kesehatan dasar (pemerataan layanan),,-0.29213101705915423,0.29213101705915423
7402010019,z_B7,Tier 1,Pemenuhan layanan kesehatan dasar (pemerataan layanan),"Konektivitas digital di bawah rata-rata, berasosiasi dengan keterbatasan diversifikasi pendapatan non-pertanian",-0.29213101705915423,0.29213101705915423
7402011001,z_B1,Tier 1,Penguatan kepadatan usaha perdagangan lokal (pertokoan),,-1.1909440374765494,1.1909440374765494
7402011002,z_B3,Tier 2,,,-0.33645876788950574,0.33645876788950574
7402020010,z_B3,Tier 2,,,-0.6972251745582301,0.6972251745582301
7402020012,z_B3,Tier 2,,,-0.27772354646700254,0.27772354646700254
7402020013,z_B1,Tier 1,Penguatan kepadatan usaha perdagangan lokal (pertokoan),,-0.471292786700904,0.471292786700904
7402020014,z_B7,Tier 1,Pemenuhan layanan kesehatan dasar (pemerataan layanan),,-0.29213101705915423,0.29213101705915423
7402020019,z_B1,Tier 1,Penguatan kepadatan usaha perdagangan lokal (pertokoan),,-0.7154899418321495,0.7154899418321495
7402020020,z_B3,Tier 2,,,-0.9874427823429638,0.9874427823429638
7402021006,z_B3,Tier 2,,"Konektivitas digital di bawah rata-rata, berasosiasi dengan keterbatasan diversifikasi pendapatan non-pertanian",-0.6972251745582301,0.6972251745582301
7402030002,z_B2,Tier 1,Perluasan akses perbankan pemerintah dan koperasi simpan pinjam,"Konektivitas digital di bawah rata-rata, berasosiasi dengan keterbatasan diversifikasi pendapatan non-pertanian",-0.27166923980560326,0.27166923980560326
7402030003,z_B2,Tier 1,Perluasan akses perbankan pemerintah dan koperasi simpan pinjam,,-0.27166923980560326,0.27166923980560326
7402030004,z_B7,Tier 1,Pemenuhan layanan kesehatan dasar (pemerataan layanan),,-0.29213101705915423,0.29213101705915423
7402030008,z_B3,Tier 2,,,0.12004892641802387,-0.12004892641802387
7402030009,z_B1,Tier 1,Penguatan kepadatan usaha perdagangan lokal (pertokoan),"Konektivitas digital di bawah rata-rata, berasosiasi dengan keterbatasan diversifikasi pendapatan non-pertanian",-0.7154899418321495,0.7154899418321495
7402030010,z_B7,Tier 1,Pemenuhan layanan kesehatan dasar (pemerataan layanan),,-0.29213101705915423,0.29213101705915423
7402030019,z_B7,Tier 1,Pemenuhan layanan kesehatan dasar (pemerataan layanan),,-0.29213101705915423,0.29213101705915423
7402031001,z_B7,Tier 1,Pemenuhan layanan kesehatan dasar (pemerataan layanan),"Konektivitas digital di bawah rata-rata, berasosiasi dengan keterbatasan diversifikasi pendapatan non-pertanian",-0.29213101705915423,0.29213101705915423
7402031003,z_B1,Tier 1,Penguatan kepadatan usaha perdagangan lokal (pertokoan),"Konektivitas digital di bawah rata-rata, berasosiasi dengan keterbatasan diversifikasi pendapatan non-pertanian",-0.471292786700904,0.471292786700904
7402031005,z_B2,Tier 1,Perluasan akses perbankan pemerintah dan koperasi simpan pinjam,,-0.27166923980560326,0.27166923980560326
7402031006,z_B7,Tier 1,Pemenuhan layanan kesehatan dasar (pemerataan layanan),"Konektivitas digital di bawah rata-rata, berasosiasi dengan keterbatasan diversifikasi pendapatan non-pertanian",-0.29213101705915423,0.29213101705915423
7402031008,z_B2,Tier 1,Perluasan akses perbankan pemerintah dan koperasi simpan pinjam,,-0.27166923980560326,0.27166923980560326
7402032001,z_B7,Tier 1,Pemenuhan layanan kesehatan dasar (pemerataan layanan),,-0.29213101705915423,0.29213101705915423
7402032002,z_B1,Tier 1,Penguatan kepadatan usaha perdagangan lokal (pertokoan),,-0.3381007950824587,0.3381007950824587
7402032003,z_B7,Tier 1,Pemenuhan layanan kesehatan dasar (pemerataan layanan),,-0.29213101705915423,0.29213101705915423
7402032004,z_B2,Tier 1,Perluasan akses perbankan pemerintah dan koperasi simpan pinjam,,-0.27166923980560326,0.27166923980560326
7402061001,z_B7,Tier 1,Pemenuhan layanan kesehatan dasar (pemerataan layanan),"Konektivitas digital di bawah rata-rata, berasosiasi dengan keterbatasan diversifikasi pendapatan non-pertanian",-0.29213101705915423,0.29213101705915423
7402061005,z_B7,Tier 1,Pemenuhan layanan kesehatan dasar (pemerataan layanan),"Konektivitas digital di bawah rata-rata, berasosiasi dengan keterbatasan diversifikasi pendapatan non-pertanian",-0.29213101705915423,0.29213101705915423
7402062007,z_B7,Tier 1,Pemenuhan layanan kesehatan dasar (pemerataan layanan),,-0.29213101705915423,0.29213101705915423
7402080009,z_B1,Tier 1,Penguatan kepadatan usaha perdagangan lokal (pertokoan),"Konektivitas digital di bawah rata-rata, berasosiasi dengan keterbatasan diversifikasi pendapatan non-pertanian",-0.9231821766241524,0.9231821766241524
7402080013,z_B2,Tier 1,Perluasan akses perbankan pemerintah dan koperasi simpan pinjam,,-0.27166923980560326,0.27166923980560326
7402081001,z_B3,Tier 2,,,-0.37828146420285336,0.37828146420285336
7402081007,z_B7,Tier 1,Pemenuhan layanan kesehatan dasar (pemerataan layanan),,-0.29213101705915423,0.29213101705915423
7402090013,z_B3,Tier 2,,,-0.9874427823429638,0.9874427823429638
7402091007,z_B3,Tier 2,,,-0.9874427823429638,0.9874427823429638
7402091010,z_B3,Tier 2,,,-0.9874427823429638,0.9874427823429638
7402111005,z_B2,Tier 1,Perluasan akses perbankan pemerintah dan koperasi simpan pinjam,,-0.27166923980560326,0.27166923980560326
7402112002,z_B3,Tier 2,,,-0.33010121676158904,0.33010121676158904
7402112003,z_B3,Tier 2,,,-0.9874427823429638,0.9874427823429638
7403090012,z_B7,Tier 1,Pemenuhan layanan kesehatan dasar (pemerataan layanan),"Konektivitas digital di bawah rata-rata, berasosiasi dengan keterbatasan diversifikasi pendapatan non-pertanian",-0.29213101705915423,0.29213101705915423
7403090013,z_B1,Tier 1,Penguatan kepadatan usaha perdagangan lokal (pertokoan),"Konektivitas digital di bawah rata-rata, berasosiasi dengan keterbatasan diversifikasi pendapatan non-pertanian",-1.0474673427682717,1.0474673427682717
7403091011,z_B1,Tier 1,Penguatan kepadatan usaha perdagangan lokal (pertokoan),"Konektivitas digital di bawah rata-rata, berasosiasi dengan keterbatasan diversifikasi pendapatan non-pertanian",-0.471292786700904,0.471292786700904
7403102006,z_B7,Tier 1,Pemenuhan layanan kesehatan dasar (pemerataan layanan),"Konektivitas digital di bawah rata-rata, berasosiasi dengan keterbatasan diversifikasi pendapatan non-pertanian",-0.29213101705915423,0.29213101705915423
7403102009,z_B3,Tier 2,,,-0.9874427823429638,0.9874427823429638
7403102015,z_B3,Tier 2,,,-0.5679411542517364,0.5679411542517364
7403130049,z_B1,Tier 1,Penguatan kepadatan usaha perdagangan lokal (pertokoan),,-0.7154899418321495,0.7154899418321495
7403130061,z_B1,Tier 1,Penguatan kepadatan usaha perdagangan lokal (pertokoan),"Konektivitas digital di bawah rata-rata, berasosiasi dengan keterbatasan diversifikasi pendapatan non-pertanian",-1.360640949434238,1.360640949434238
7403131002,z_B7,Tier 1,Pemenuhan layanan kesehatan dasar (pemerataan layanan),,-0.29213101705915423,0.29213101705915423
7403131015,z_B1,Tier 1,Penguatan kepadatan usaha perdagangan lokal (pertokoan),,-1.1909440374765494,1.1909440374765494
7403131017,z_B1,Tier 1,Penguatan kepadatan usaha perdagangan lokal (pertokoan),"Konektivitas digital di bawah rata-rata, berasosiasi dengan keterbatasan diversifikasi pendapatan non-pertanian",-2.2134841918283286,2.2134841918283286
7403131018,z_B1,Tier 1,Penguatan kepadatan usaha perdagangan lokal (pertokoan),"Konektivitas digital di bawah rata-rata, berasosiasi dengan keterbatasan diversifikasi pendapatan non-pertanian",-1.360640949434238,1.360640949434238
7403132001,z_B3,Tier 2,,,-0.9874427823429638,0.9874427823429638
7403132002,z_B1,Tier 1,Penguatan kepadatan usaha perdagangan lokal (pertokoan),,-1.1590691835785842,1.1590691835785842
7403132005,z_B3,Tier 2,,,-0.842333978450597,0.842333978450597
7403132007,z_B1,Tier 1,Penguatan kepadatan usaha perdagangan lokal (pertokoan),"Konektivitas digital di bawah rata-rata, berasosiasi dengan keterbatasan diversifikasi pendapatan non-pertanian",-0.30622594118449353,0.30622594118449353
7403132008,z_B1,Tier 1,Penguatan kepadatan usaha perdagangan lokal (pertokoan),,-0.3381007950824587,0.3381007950824587
7403132010,z_B3,Tier 2,,,-0.9874427823429638,0.9874427823429638
7403132011,z_B1,Tier 1,Penguatan kepadatan usaha perdagangan lokal (pertokoan),,-1.0474673427682717,1.0474673427682717
7403132012,z_B3,Tier 2,,"Konektivitas digital di bawah rata-rata, berasosiasi dengan keterbatasan diversifikasi pendapatan non-pertanian",-0.5679411542517364,0.5679411542517364
7403132013,z_B3,Tier 2,,,-0.5679411542517364,0.5679411542517364
7403132014,z_B1,Tier 1,Penguatan kepadatan usaha perdagangan lokal (pertokoan),,-1.0474673427682717,1.0474673427682717
7403132016,z_B3,Tier 2,,,-0.9874427823429638,0.9874427823429638
7403133006,z_B7,Tier 1,Pemenuhan layanan kesehatan dasar (pemerataan layanan),,-0.29213101705915423,0.29213101705915423
7403133009,z_B1,Tier 1,Penguatan kepadatan usaha perdagangan lokal (pertokoan),,-0.9231821766241524,0.9231821766241524
7403133010,z_B7,Tier 1,Pemenuhan layanan kesehatan dasar (pemerataan layanan),,-0.29213101705915423,0.29213101705915423
7403140027,z_B7,Tier 1,Pemenuhan layanan kesehatan dasar (pemerataan layanan),,-0.29213101705915423,0.29213101705915423
7403140028,z_B3,Tier 2,,,-0.5679411542517364,0.5679411542517364
7403140035,z_B1,Tier 1,Penguatan kepadatan usaha perdagangan lokal (pertokoan),,-0.5457930298744611,0.5457930298744611
7403141003,z_B1,Tier 1,Penguatan kepadatan usaha perdagangan lokal (pertokoan),,-0.3381007950824587,0.3381007950824587
7403141004,z_B1,Tier 1,Penguatan kepadatan usaha perdagangan lokal (pertokoan),,-0.471292786700904,0.471292786700904
7403142003,z_B1,Tier 1,Penguatan kepadatan usaha perdagangan lokal (pertokoan),,-0.8135548907268579,0.8135548907268579
7403142005,z_B1,Tier 1,Penguatan kepadatan usaha perdagangan lokal (pertokoan),,-1.0474673427682717,1.0474673427682717
7403142006,z_B1,Tier 1,Penguatan kepadatan usaha perdagangan lokal (pertokoan),,-0.8135548907268579,0.8135548907268579
7403142007,z_B3,Tier 2,,,-0.33645876788950574,0.33645876788950574
7403142008,z_B2,Tier 1,Perluasan akses perbankan pemerintah dan koperasi simpan pinjam,,-0.27166923980560326,0.27166923980560326
7403142010,z_B3,Tier 2,,,-0.6972251745582301,0.6972251745582301
7403142011,z_B3,Tier 2,,,-0.9874427823429638,0.9874427823429638
7403142012,z_B3,Tier 2,,,-0.6972251745582301,0.6972251745582301
7403142013,z_B1,Tier 1,Penguatan kepadatan usaha perdagangan lokal (pertokoan),,-1.1909440374765494,1.1909440374765494
7403142014,z_B1,Tier 1,Penguatan kepadatan usaha perdagangan lokal (pertokoan),,-1.5683331842262402,1.5683331842262402
7403150031,z_B3,Tier 2,,,-0.9874427823429638,0.9874427823429638
7403150032,z_B1,Tier 1,Penguatan kepadatan usaha perdagangan lokal (pertokoan),,-0.7154899418321495,0.7154899418321495
7403150033,z_B3,Tier 2,,,-0.9874427823429638,0.9874427823429638
7403150034,z_B1,Tier 1,Penguatan kepadatan usaha perdagangan lokal (pertokoan),,-0.471292786700904,0.471292786700904
7403151001,z_B1,Tier 1,Penguatan kepadatan usaha perdagangan lokal (pertokoan),"Konektivitas digital di bawah rata-rata, berasosiasi dengan keterbatasan diversifikasi pendapatan non-pertanian",-0.9231821766241524,0.9231821766241524
7403151002,z_B3,Tier 2,,,-0.6972251745582301,0.6972251745582301
7403151003,z_B3,Tier 2,,,-0.6972251745582301,0.6972251745582301
7403151004,z_B1,Tier 1,Penguatan kepadatan usaha perdagangan lokal (pertokoan),,-0.7154899418321495,0.7154899418321495
7403151005,z_B1,Tier 1,Penguatan kepadatan usaha perdagangan lokal (pertokoan),,-0.8135548907268579,0.8135548907268579
7403151006,z_B3,Tier 2,,,-0.6972251745582301,0.6972251745582301
7403151007,z_B3,Tier 2,,,-0.6972251745582301,0.6972251745582301
7403171005,z_B1,Tier 1,Penguatan kepadatan usaha perdagangan lokal (pertokoan),,-1.1909440374765494,1.1909440374765494
7403171006,z_B3,Tier 2,,,-0.9874427823429638,0.9874427823429638
7403171007,z_B3,Tier 2,,,-0.9874427823429638,0.9874427823429638
7403180012,z_B1,Tier 1,Penguatan kepadatan usaha perdagangan lokal (pertokoan),,-1.1909440374765494,1.1909440374765494
7403181001,z_B1,Tier 1,Penguatan kepadatan usaha perdagangan lokal (pertokoan),,-1.0474673427682717,1.0474673427682717
7403181003,z_B1,Tier 1,Penguatan kepadatan usaha perdagangan lokal (pertokoan),,-1.5683331842262402,1.5683331842262402
7403181005,z_B1,Tier 1,Penguatan kepadatan usaha perdagangan lokal (pertokoan),"Konektivitas digital di bawah rata-rata, berasosiasi dengan keterbatasan diversifikasi pendapatan non-pertanian",-1.360640949434238,1.360640949434238
7403181006,z_B1,Tier 1,Penguatan kepadatan usaha perdagangan lokal (pertokoan),,-1.5683331842262402,1.5683331842262402
7403181007,z_B1,Tier 1,Penguatan kepadatan usaha perdagangan lokal (pertokoan),,-1.5683331842262402,1.5683331842262402
7403181008,z_B1,Tier 1,Penguatan kepadatan usaha perdagangan lokal (pertokoan),,-1.5683331842262402,1.5683331842262402
7403181009,z_B1,Tier 1,Penguatan kepadatan usaha perdagangan lokal (pertokoan),"Konektivitas digital di bawah rata-rata, berasosiasi dengan keterbatasan diversifikasi pendapatan non-pertanian",-1.8360950450786375,1.8360950450786375
7403181011,z_B1,Tier 1,Penguatan kepadatan usaha perdagangan lokal (pertokoan),,-1.5683331842262402,1.5683331842262402
7403182003,z_B3,Tier 2,,,-0.33010121676158904,0.33010121676158904
7403182004,z_B3,Tier 2,,,-0.9874427823429638,0.9874427823429638
7403182005,z_B3,Tier 2,,"Konektivitas digital di bawah rata-rata, berasosiasi dengan keterbatasan diversifikasi pendapatan non-pertanian",-0.9874427823429638,0.9874427823429638
7403182006,z_B3,Tier 2,,,-0.29945270167320365,0.29945270167320365
7403182016,z_B3,Tier 2,,,-0.842333978450597,0.842333978450597
7403183004,z_B1,Tier 1,Penguatan kepadatan usaha perdagangan lokal (pertokoan),,-0.8135548907268579,0.8135548907268579
7403183005,z_B1,Tier 1,Penguatan kepadatan usaha perdagangan lokal (pertokoan),"Konektivitas digital di bawah rata-rata, berasosiasi dengan keterbatasan diversifikasi pendapatan non-pertanian",-1.5683331842262402,1.5683331842262402
7403183006,z_B1,Tier 1,Penguatan kepadatan usaha perdagangan lokal (pertokoan),"Konektivitas digital di bawah rata-rata, berasosiasi dengan keterbatasan diversifikasi pendapatan non-pertanian",-1.5683331842262402,1.5683331842262402
7403183008,z_B1,Tier 1,Penguatan kepadatan usaha perdagangan lokal (pertokoan),,-1.0474673427682717,1.0474673427682717
7403183009,z_B1,Tier 1,Penguatan kepadatan usaha perdagangan lokal (pertokoan),"Konektivitas digital di bawah rata-rata, berasosiasi dengan keterbatasan diversifikasi pendapatan non-pertanian",-1.0474673427682717,1.0474673427682717
7403185004,z_B3,Tier 2,,,-0.9874427823429638,0.9874427823429638
7404010004,z_B1,Tier 1,Penguatan kepadatan usaha perdagangan lokal (pertokoan),,-0.9513769487865819,0.9513769487865819
7404010009,z_B7,Tier 1,Pemenuhan layanan kesehatan dasar (pemerataan layanan),,-0.29213101705915423,0.29213101705915423
7404010011,z_B2,Tier 1,Perluasan akses perbankan pemerintah dan koperasi simpan pinjam,,-0.27166923980560326,0.27166923980560326
7404010013,z_B7,Tier 1,Pemenuhan layanan kesehatan dasar (pemerataan layanan),"Konektivitas digital di bawah rata-rata, berasosiasi dengan keterbatasan diversifikasi pendapatan non-pertanian",-0.29213101705915423,0.29213101705915423
7404010018,z_B7,Tier 1,Pemenuhan layanan kesehatan dasar (pemerataan layanan),"Konektivitas digital di bawah rata-rata, berasosiasi dengan keterbatasan diversifikasi pendapatan non-pertanian",-0.29213101705915423,0.29213101705915423
7404010023,z_B1,Tier 1,Penguatan kepadatan usaha perdagangan lokal (pertokoan),"Konektivitas digital di bawah rata-rata, berasosiasi dengan keterbatasan diversifikasi pendapatan non-pertanian",-0.7154899418321495,0.7154899418321495
7404011002,z_B7,Tier 1,Pemenuhan layanan kesehatan dasar (pemerataan layanan),,-0.29213101705915423,0.29213101705915423
7404011008,z_B3,Tier 2,,,-0.6972251745582301,0.6972251745582301
7404011009,z_B2,Tier 1,Perluasan akses perbankan pemerintah dan koperasi simpan pinjam,,-0.27166923980560326,0.27166923980560326
7404011013,z_B1,Tier 1,Penguatan kepadatan usaha perdagangan lokal (pertokoan),"Konektivitas digital di bawah rata-rata, berasosiasi dengan keterbatasan diversifikasi pendapatan non-pertanian",-1.1909440374765494,1.1909440374765494
7404012002,z_B3,Tier 2,,,-0.6972251745582301,0.6972251745582301
7404012004,z_B3,Tier 2,,,-0.6972251745582301,0.6972251745582301
7404012005,z_B3,Tier 2,,"Konektivitas digital di bawah rata-rata, berasosiasi dengan keterbatasan diversifikasi pendapatan non-pertanian",-0.9874427823429638,0.9874427823429638
7404012009,z_B3,Tier 2,,"Konektivitas digital di bawah rata-rata, berasosiasi dengan keterbatasan diversifikasi pendapatan non-pertanian",-0.9874427823429638,0.9874427823429638
7404012010,z_B3,Tier 2,,"Konektivitas digital di bawah rata-rata, berasosiasi dengan keterbatasan diversifikasi pendapatan non-pertanian",-0.6972251745582301,0.6972251745582301
7404013002,z_B3,Tier 2,,"Konektivitas digital di bawah rata-rata, berasosiasi dengan keterbatasan diversifikasi pendapatan non-pertanian",-0.37828146420285336,0.37828146420285336
7404030016,z_B3,Tier 2,,,-0.6972251745582301,0.6972251745582301
7404031004,z_B3,Tier 2,,,-0.9874427823429638,0.9874427823429638
7404060008,z_B3,Tier 2,,,-0.6972251745582301,0.6972251745582301
7404070013,z_B2,Tier 1,Perluasan akses perbankan pemerintah dan koperasi simpan pinjam,,-0.27166923980560326,0.27166923980560326
7404070014,z_B3,Tier 2,,,-0.9874427823429638,0.9874427823429638
7404070015,z_B7,Tier 1,Pemenuhan layanan kesehatan dasar (pemerataan layanan),,-0.29213101705915423,0.29213101705915423
7404070017,z_B1,Tier 1,Penguatan kepadatan usaha perdagangan lokal (pertokoan),,-0.6267794049360415,0.6267794049360415
7404070028,z_B1,Tier 1,Penguatan kepadatan usaha perdagangan lokal (pertokoan),,-0.471292786700904,0.471292786700904
7404071005,z_B1,Tier 1,Penguatan kepadatan usaha perdagangan lokal (pertokoan),,-1.5683331842262402,1.5683331842262402
7404071006,z_B3,Tier 2,,,-0.9874427823429638,0.9874427823429638
7404071012,z_B3,Tier 2,,,-0.9874427823429638,0.9874427823429638
7404071019,z_B1,Tier 1,Penguatan kepadatan usaha perdagangan lokal (pertokoan),,-1.360640949434238,1.360640949434238
7404072001,z_B3,Tier 2,,,-0.27772354646700254,0.27772354646700254
7404072006,z_B1,Tier 1,Penguatan kepadatan usaha perdagangan lokal (pertokoan),,-0.8135548907268579,0.8135548907268579
7404072007,z_B1,Tier 1,Penguatan kepadatan usaha perdagangan lokal (pertokoan),,-1.360640949434238,1.360640949434238
7405010001,z_B7,Tier 1,Pemenuhan layanan kesehatan dasar (pemerataan layanan),,-0.29213101705915423,0.29213101705915423
7405010002,z_B7,Tier 1,Pemenuhan layanan kesehatan dasar (pemerataan layanan),,-0.29213101705915423,0.29213101705915423
7405010007,z_B3,Tier 2,,,-0.9874427823429638,0.9874427823429638
7405010008,z_B3,Tier 2,,,-0.9874427823429638,0.9874427823429638
7405010009,z_B3,Tier 2,,,-0.9874427823429638,0.9874427823429638
7405010014,z_B7,Tier 1,Pemenuhan layanan kesehatan dasar (pemerataan layanan),,-0.29213101705915423,0.29213101705915423
7405010015,z_B1,Tier 1,Penguatan kepadatan usaha perdagangan lokal (pertokoan),,-0.5457930298744611,0.5457930298744611
7405010016,z_B3,Tier 2,,,-0.9874427823429638,0.9874427823429638
7405010017,z_B3,Tier 2,,"Konektivitas digital di bawah rata-rata, berasosiasi dengan keterbatasan diversifikasi pendapatan non-pertanian",-0.9874427823429638,0.9874427823429638
7405010038,z_B3,Tier 2,,"Konektivitas digital di bawah rata-rata, berasosiasi dengan keterbatasan diversifikasi pendapatan non-pertanian",-0.9874427823429638,0.9874427823429638
7405010040,z_B3,Tier 2,,,-0.9874427823429638,0.9874427823429638
7405010041,z_B3,Tier 2,,,-0.9874427823429638,0.9874427823429638
7405010042,z_B1,Tier 1,Penguatan kepadatan usaha perdagangan lokal (pertokoan),"Konektivitas digital di bawah rata-rata, berasosiasi dengan keterbatasan diversifikasi pendapatan non-pertanian",-0.3381007950824587,0.3381007950824587
7405010043,z_B1,Tier 1,Penguatan kepadatan usaha perdagangan lokal (pertokoan),"Konektivitas digital di bawah rata-rata, berasosiasi dengan keterbatasan diversifikasi pendapatan non-pertanian",-0.8135548907268579,0.8135548907268579
7405010047,z_B1,Tier 1,Penguatan kepadatan usaha perdagangan lokal (pertokoan),,-0.6267794049360415,0.6267794049360415
7405011001,z_B1,Tier 1,Penguatan kepadatan usaha perdagangan lokal (pertokoan),"Konektivitas digital di bawah rata-rata, berasosiasi dengan keterbatasan diversifikasi pendapatan non-pertanian",-1.360640949434238,1.360640949434238
7405011002,z_B1,Tier 1,Penguatan kepadatan usaha perdagangan lokal (pertokoan),"Konektivitas digital di bawah rata-rata, berasosiasi dengan keterbatasan diversifikasi pendapatan non-pertanian",-0.9231821766241524,0.9231821766241524
7405011005,z_B2,Tier 1,Perluasan akses perbankan pemerintah dan koperasi simpan pinjam,,-0.27166923980560326,0.27166923980560326
7405011011,z_B1,Tier 1,Penguatan kepadatan usaha perdagangan lokal (pertokoan),"Konektivitas digital di bawah rata-rata, berasosiasi dengan keterbatasan diversifikasi pendapatan non-pertanian",-0.6267794049360415,0.6267794049360415
7405011012,z_B7,Tier 1,Pemenuhan layanan kesehatan dasar (pemerataan layanan),"Konektivitas digital di bawah rata-rata, berasosiasi dengan keterbatasan diversifikasi pendapatan non-pertanian",-0.29213101705915423,0.29213101705915423
7405011013,z_B2,Tier 1,Perluasan akses perbankan pemerintah dan koperasi simpan pinjam,"Konektivitas digital di bawah rata-rata, berasosiasi dengan keterbatasan diversifikasi pendapatan non-pertanian",-0.27166923980560326,0.27166923980560326
7405011014,z_B1,Tier 1,Penguatan kepadatan usaha perdagangan lokal (pertokoan),,-0.6267794049360415,0.6267794049360415
7405011015,z_B1,Tier 1,Penguatan kepadatan usaha perdagangan lokal (pertokoan),"Konektivitas digital di bawah rata-rata, berasosiasi dengan keterbatasan diversifikasi pendapatan non-pertanian",-1.1909440374765494,1.1909440374765494
7405020001,z_B3,Tier 2,,"Konektivitas digital di bawah rata-rata, berasosiasi dengan keterbatasan diversifikasi pendapatan non-pertanian",-0.6203188245463229,0.6203188245463229
7405020002,z_B2,Tier 1,Perluasan akses perbankan pemerintah dan koperasi simpan pinjam,"Konektivitas digital di bawah rata-rata, berasosiasi dengan keterbatasan diversifikasi pendapatan non-pertanian",-0.27166923980560326,0.27166923980560326
7405020003,z_B7,Tier 1,Pemenuhan layanan kesehatan dasar (pemerataan layanan),,-0.29213101705915423,0.29213101705915423
7405020012,z_B7,Tier 1,Pemenuhan layanan kesehatan dasar (pemerataan layanan),,-0.29213101705915423,0.29213101705915423
7405020031,z_B7,Tier 1,Pemenuhan layanan kesehatan dasar (pemerataan layanan),"Konektivitas digital di bawah rata-rata, berasosiasi dengan keterbatasan diversifikasi pendapatan non-pertanian",-0.29213101705915423,0.29213101705915423
7405021001,z_B7,Tier 1,Pemenuhan layanan kesehatan dasar (pemerataan layanan),"Konektivitas digital di bawah rata-rata, berasosiasi dengan keterbatasan diversifikasi pendapatan non-pertanian",-0.29213101705915423,0.29213101705915423
7405021002,z_B1,Tier 1,Penguatan kepadatan usaha perdagangan lokal (pertokoan),"Konektivitas digital di bawah rata-rata, berasosiasi dengan keterbatasan diversifikasi pendapatan non-pertanian",-0.9231821766241524,0.9231821766241524
7405021003,z_B7,Tier 1,Pemenuhan layanan kesehatan dasar (pemerataan layanan),"Konektivitas digital di bawah rata-rata, berasosiasi dengan keterbatasan diversifikasi pendapatan non-pertanian",-0.29213101705915423,0.29213101705915423
7405021004,z_B7,Tier 1,Pemenuhan layanan kesehatan dasar (pemerataan layanan),"Konektivitas digital di bawah rata-rata, berasosiasi dengan keterbatasan diversifikasi pendapatan non-pertanian",-0.29213101705915423,0.29213101705915423
7405021006,z_B7,Tier 1,Pemenuhan layanan kesehatan dasar (pemerataan layanan),,-0.29213101705915423,0.29213101705915423
7405021007,z_B1,Tier 1,Penguatan kepadatan usaha perdagangan lokal (pertokoan),,-0.6267794049360415,0.6267794049360415
7405021008,z_B1,Tier 1,Penguatan kepadatan usaha perdagangan lokal (pertokoan),,-0.7154899418321495,0.7154899418321495
7405021009,z_B1,Tier 1,Penguatan kepadatan usaha perdagangan lokal (pertokoan),,-0.5457930298744611,0.5457930298744611
7405021010,z_B7,Tier 1,Pemenuhan layanan kesehatan dasar (pemerataan layanan),,-0.29213101705915423,0.29213101705915423
7405021011,z_B2,Tier 1,Perluasan akses perbankan pemerintah dan koperasi simpan pinjam,,-0.27166923980560326,0.27166923980560326
7405021012,z_B7,Tier 1,Pemenuhan layanan kesehatan dasar (pemerataan layanan),,-0.29213101705915423,0.29213101705915423
7405021013,z_B1,Tier 1,Penguatan kepadatan usaha perdagangan lokal (pertokoan),"Konektivitas digital di bawah rata-rata, berasosiasi dengan keterbatasan diversifikasi pendapatan non-pertanian",-0.9231821766241524,0.9231821766241524
7405021014,z_B1,Tier 1,Penguatan kepadatan usaha perdagangan lokal (pertokoan),"Konektivitas digital di bawah rata-rata, berasosiasi dengan keterbatasan diversifikasi pendapatan non-pertanian",-1.1909440374765494,1.1909440374765494
7405021015,z_B1,Tier 1,Penguatan kepadatan usaha perdagangan lokal (pertokoan),"Konektivitas digital di bawah rata-rata, berasosiasi dengan keterbatasan diversifikasi pendapatan non-pertanian",-1.1909440374765494,1.1909440374765494
7405021016,z_B1,Tier 1,Penguatan kepadatan usaha perdagangan lokal (pertokoan),,-0.7154899418321495,0.7154899418321495
7405022001,z_B2,Tier 1,Perluasan akses perbankan pemerintah dan koperasi simpan pinjam,,-0.27166923980560326,0.27166923980560326
7405022002,z_B1,Tier 1,Penguatan kepadatan usaha perdagangan lokal (pertokoan),"Konektivitas digital di bawah rata-rata, berasosiasi dengan keterbatasan diversifikasi pendapatan non-pertanian",-0.5457930298744611,0.5457930298744611
7405022003,z_B7,Tier 1,Pemenuhan layanan kesehatan dasar (pemerataan layanan),"Konektivitas digital di bawah rata-rata, berasosiasi dengan keterbatasan diversifikasi pendapatan non-pertanian",-0.29213101705915423,0.29213101705915423
7405022004,z_B7,Tier 1,Pemenuhan layanan kesehatan dasar (pemerataan layanan),"Konektivitas digital di bawah rata-rata, berasosiasi dengan keterbatasan diversifikasi pendapatan non-pertanian",-0.29213101705915423,0.29213101705915423
7405022005,z_B7,Tier 1,Pemenuhan layanan kesehatan dasar (pemerataan layanan),,-0.29213101705915423,0.29213101705915423
7405022007,z_B7,Tier 1,Pemenuhan layanan kesehatan dasar (pemerataan layanan),"Konektivitas digital di bawah rata-rata, berasosiasi dengan keterbatasan diversifikasi pendapatan non-pertanian",-0.29213101705915423,0.29213101705915423
7405022008,z_B7,Tier 1,Pemenuhan layanan kesehatan dasar (pemerataan layanan),"Konektivitas digital di bawah rata-rata, berasosiasi dengan keterbatasan diversifikasi pendapatan non-pertanian",-0.29213101705915423,0.29213101705915423
7405022009,z_B7,Tier 1,Pemenuhan layanan kesehatan dasar (pemerataan layanan),,-0.29213101705915423,0.29213101705915423
7405022010,z_B1,Tier 1,Penguatan kepadatan usaha perdagangan lokal (pertokoan),"Konektivitas digital di bawah rata-rata, berasosiasi dengan keterbatasan diversifikasi pendapatan non-pertanian",-0.3381007950824587,0.3381007950824587
7405030012,z_B1,Tier 1,Penguatan kepadatan usaha perdagangan lokal (pertokoan),,-0.30622594118449353,0.30622594118449353
7405030014,z_B1,Tier 1,Penguatan kepadatan usaha perdagangan lokal (pertokoan),"Konektivitas digital di bawah rata-rata, berasosiasi dengan keterbatasan diversifikasi pendapatan non-pertanian",-1.360640949434238,1.360640949434238
7405030015,z_B1,Tier 1,Penguatan kepadatan usaha perdagangan lokal (pertokoan),"Konektivitas digital di bawah rata-rata, berasosiasi dengan keterbatasan diversifikasi pendapatan non-pertanian",-0.4023163351661838,0.4023163351661838
7405030018,z_B1,Tier 1,Penguatan kepadatan usaha perdagangan lokal (pertokoan),,-0.471292786700904,0.471292786700904
7405030019,z_B1,Tier 1,Penguatan kepadatan usaha perdagangan lokal (pertokoan),,-0.5457930298744611,0.5457930298744611
7405030021,z_B7,Tier 1,Pemenuhan layanan kesehatan dasar (pemerataan layanan),,-0.29213101705915423,0.29213101705915423
7405030030,z_B1,Tier 1,Penguatan kepadatan usaha perdagangan lokal (pertokoan),,-1.8360950450786375,1.8360950450786375
7405030032,z_B7,Tier 1,Pemenuhan layanan kesehatan dasar (pemerataan layanan),"Konektivitas digital di bawah rata-rata, berasosiasi dengan keterbatasan diversifikasi pendapatan non-pertanian",-0.29213101705915423,0.29213101705915423
7405031001,z_B7,Tier 1,Pemenuhan layanan kesehatan dasar (pemerataan layanan),"Konektivitas digital di bawah rata-rata, berasosiasi dengan keterbatasan diversifikasi pendapatan non-pertanian",-0.29213101705915423,0.29213101705915423
7405031003,z_B1,Tier 1,Penguatan kepadatan usaha perdagangan lokal (pertokoan),"Konektivitas digital di bawah rata-rata, berasosiasi dengan keterbatasan diversifikasi pendapatan non-pertanian",-0.6267794049360415,0.6267794049360415
7405031004,z_B1,Tier 1,Penguatan kepadatan usaha perdagangan lokal (pertokoan),"Konektivitas digital di bawah rata-rata, berasosiasi dengan keterbatasan diversifikasi pendapatan non-pertanian",-0.9231821766241524,0.9231821766241524
7405031005,z_B1,Tier 1,Penguatan kepadatan usaha perdagangan lokal (pertokoan),"Konektivitas digital di bawah rata-rata, berasosiasi dengan keterbatasan diversifikasi pendapatan non-pertanian",-0.4023163351661838,0.4023163351661838
7405031007,z_B7,Tier 1,Pemenuhan layanan kesehatan dasar (pemerataan layanan),"Konektivitas digital di bawah rata-rata, berasosiasi dengan keterbatasan diversifikasi pendapatan non-pertanian",-0.29213101705915423,0.29213101705915423
7405031008,z_B1,Tier 1,Penguatan kepadatan usaha perdagangan lokal (pertokoan),"Konektivitas digital di bawah rata-rata, berasosiasi dengan keterbatasan diversifikasi pendapatan non-pertanian",-0.5457930298744611,0.5457930298744611
7405032001,z_B7,Tier 1,Pemenuhan layanan kesehatan dasar (pemerataan layanan),"Konektivitas digital di bawah rata-rata, berasosiasi dengan keterbatasan diversifikasi pendapatan non-pertanian",-0.29213101705915423,0.29213101705915423
7405032003,z_B2,Tier 1,Perluasan akses perbankan pemerintah dan koperasi simpan pinjam,,-0.27166923980560326,0.27166923980560326
7405040017,z_B7,Tier 1,Pemenuhan layanan kesehatan dasar (pemerataan layanan),"Konektivitas digital di bawah rata-rata, berasosiasi dengan keterbatasan diversifikasi pendapatan non-pertanian",-0.29213101705915423,0.29213101705915423
7405040018,z_B1,Tier 1,Penguatan kepadatan usaha perdagangan lokal (pertokoan),"Konektivitas digital di bawah rata-rata, berasosiasi dengan keterbatasan diversifikasi pendapatan non-pertanian",-0.471292786700904,0.471292786700904
7405040019,z_B1,Tier 1,Penguatan kepadatan usaha perdagangan lokal (pertokoan),,-0.471292786700904,0.471292786700904
7405040022,z_B7,Tier 1,Pemenuhan layanan kesehatan dasar (pemerataan layanan),,-0.29213101705915423,0.29213101705915423
7405040025,z_B7,Tier 1,Pemenuhan layanan kesehatan dasar (pemerataan layanan),,-0.29213101705915423,0.29213101705915423
7405040026,z_B1,Tier 1,Penguatan kepadatan usaha perdagangan lokal (pertokoan),,-0.4023163351661838,0.4023163351661838
7405041001,z_B3,Tier 2,,,-0.6203188245463229,0.6203188245463229
7405041003,z_B7,Tier 1,Pemenuhan layanan kesehatan dasar (pemerataan layanan),"Konektivitas digital di bawah rata-rata, berasosiasi dengan keterbatasan diversifikasi pendapatan non-pertanian",-0.29213101705915423,0.29213101705915423
7405041005,z_B2,Tier 1,Perluasan akses perbankan pemerintah dan koperasi simpan pinjam,,-0.27166923980560326,0.27166923980560326
7405041008,z_B1,Tier 1,Penguatan kepadatan usaha perdagangan lokal (pertokoan),,-0.6267794049360415,0.6267794049360415
7405041009,z_B1,Tier 1,Penguatan kepadatan usaha perdagangan lokal (pertokoan),,-0.471292786700904,0.471292786700904
7405041010,z_B7,Tier 1,Pemenuhan layanan kesehatan dasar (pemerataan layanan),,-0.29213101705915423,0.29213101705915423
7405041013,z_B1,Tier 1,Penguatan kepadatan usaha perdagangan lokal (pertokoan),,0.9044596704401244,-0.9044596704401244
7405041017,z_B7,Tier 1,Pemenuhan layanan kesehatan dasar (pemerataan layanan),"Konektivitas digital di bawah rata-rata, berasosiasi dengan keterbatasan diversifikasi pendapatan non-pertanian",-0.29213101705915423,0.29213101705915423
7405050005,z_B1,Tier 1,Penguatan kepadatan usaha perdagangan lokal (pertokoan),,-0.471292786700904,0.471292786700904
7405050009,z_B1,Tier 1,Penguatan kepadatan usaha perdagangan lokal (pertokoan),"Konektivitas digital di bawah rata-rata, berasosiasi dengan keterbatasan diversifikasi pendapatan non-pertanian",-0.7154899418321495,0.7154899418321495
7405051005,z_B7,Tier 1,Pemenuhan layanan kesehatan dasar (pemerataan layanan),"Konektivitas digital di bawah rata-rata, berasosiasi dengan keterbatasan diversifikasi pendapatan non-pertanian",-0.29213101705915423,0.29213101705915423
7405060008,z_B1,Tier 1,Penguatan kepadatan usaha perdagangan lokal (pertokoan),"Konektivitas digital di bawah rata-rata, berasosiasi dengan keterbatasan diversifikasi pendapatan non-pertanian",-0.9231821766241524,0.9231821766241524
7405060011,z_B1,Tier 1,Penguatan kepadatan usaha perdagangan lokal (pertokoan),"Konektivitas digital di bawah rata-rata, berasosiasi dengan keterbatasan diversifikasi pendapatan non-pertanian",-0.8135548907268579,0.8135548907268579
7405070003,z_B3,Tier 2,,,-0.9874427823429638,0.9874427823429638
7405070004,z_B3,Tier 2,,"Konektivitas digital di bawah rata-rata, berasosiasi dengan keterbatasan diversifikasi pendapatan non-pertanian",-0.9874427823429638,0.9874427823429638
7405070025,z_B3,Tier 2,,,-0.9874427823429638,0.9874427823429638
7405070027,z_B1,Tier 1,Penguatan kepadatan usaha perdagangan lokal (pertokoan),"Konektivitas digital di bawah rata-rata, berasosiasi dengan keterbatasan diversifikasi pendapatan non-pertanian",-0.9231821766241524,0.9231821766241524
7405070028,z_B3,Tier 2,,"Konektivitas digital di bawah rata-rata, berasosiasi dengan keterbatasan diversifikasi pendapatan non-pertanian",-0.6972251745582301,0.6972251745582301
7405070029,z_B3,Tier 2,,,-0.37828146420285336,0.37828146420285336
7405070030,z_B3,Tier 2,,,-0.9874427823429638,0.9874427823429638
7405070031,z_B3,Tier 2,,,-0.9874427823429638,0.9874427823429638
7405070040,z_B3,Tier 2,,,-0.9874427823429638,0.9874427823429638
7405070041,z_B3,Tier 2,,,-0.9874427823429638,0.9874427823429638
7405071034,z_B3,Tier 2,,,-0.9874427823429638,0.9874427823429638
7405081001,z_B3,Tier 2,,,-0.9874427823429638,0.9874427823429638
7405081002,z_B3,Tier 2,,,-0.9874427823429638,0.9874427823429638
7405081003,z_B3,Tier 2,,,-0.9874427823429638,0.9874427823429638
7405081004,z_B3,Tier 2,,,-0.9874427823429638,0.9874427823429638
7405081006,z_B2,Tier 1,Perluasan akses perbankan pemerintah dan koperasi simpan pinjam,"Konektivitas digital di bawah rata-rata, berasosiasi dengan keterbatasan diversifikasi pendapatan non-pertanian",-0.27166923980560326,0.27166923980560326
7405090021,z_B2,Tier 1,Perluasan akses perbankan pemerintah dan koperasi simpan pinjam,,-0.27166923980560326,0.27166923980560326
7405091001,z_B1,Tier 1,Penguatan kepadatan usaha perdagangan lokal (pertokoan),,-0.471292786700904,0.471292786700904
7405091004,z_B3,Tier 2,,,-0.9874427823429638,0.9874427823429638
7405091005,z_B3,Tier 2,,,-0.7165556120495471,0.7165556120495471
7405100007,z_B1,Tier 1,Penguatan kepadatan usaha perdagangan lokal (pertokoan),,-0.5457930298744611,0.5457930298744611
7405100008,z_B1,Tier 1,Penguatan kepadatan usaha perdagangan lokal (pertokoan),,-0.27803116902206426,0.27803116902206426
7405100009,z_B7,Tier 1,Pemenuhan layanan kesehatan dasar (pemerataan layanan),"Konektivitas digital di bawah rata-rata, berasosiasi dengan keterbatasan diversifikasi pendapatan non-pertanian",-0.29213101705915423,0.29213101705915423
7405100010,z_B1,Tier 1,Penguatan kepadatan usaha perdagangan lokal (pertokoan),"Konektivitas digital di bawah rata-rata, berasosiasi dengan keterbatasan diversifikasi pendapatan non-pertanian",-0.4023163351661838,0.4023163351661838
7405100014,z_B7,Tier 1,Pemenuhan layanan kesehatan dasar (pemerataan layanan),,-0.29213101705915423,0.29213101705915423
7405100015,z_B1,Tier 1,Penguatan kepadatan usaha perdagangan lokal (pertokoan),,-0.7154899418321495,0.7154899418321495
7405100033,z_B7,Tier 1,Pemenuhan layanan kesehatan dasar (pemerataan layanan),,-0.29213101705915423,0.29213101705915423
7405100036,z_B1,Tier 1,Penguatan kepadatan usaha perdagangan lokal (pertokoan),"Konektivitas digital di bawah rata-rata, berasosiasi dengan keterbatasan diversifikasi pendapatan non-pertanian",-0.3381007950824587,0.3381007950824587
7405101001,z_B7,Tier 1,Pemenuhan layanan kesehatan dasar (pemerataan layanan),,-0.29213101705915423,0.29213101705915423
7405101002,z_B3,Tier 2,,,-0.6203188245463229,0.6203188245463229
7405101003,z_B3,Tier 2,,,-0.33010121676158904,0.33010121676158904
7405101004,z_B1,Tier 1,Penguatan kepadatan usaha perdagangan lokal (pertokoan),,-0.8135548907268579,0.8135548907268579
7405101007,z_B1,Tier 1,Penguatan kepadatan usaha perdagangan lokal (pertokoan),"Konektivitas digital di bawah rata-rata, berasosiasi dengan keterbatasan diversifikasi pendapatan non-pertanian",-1.5683331842262402,1.5683331842262402
7405101008,z_B3,Tier 2,,,-0.33010121676158904,0.33010121676158904
7405101010,z_B1,Tier 1,Penguatan kepadatan usaha perdagangan lokal (pertokoan),,-0.5457930298744611,0.5457930298744611
7405101011,z_B1,Tier 1,Penguatan kepadatan usaha perdagangan lokal (pertokoan),,-0.6267794049360415,0.6267794049360415
7405101013,z_B3,Tier 2,,,-0.6972251745582301,0.6972251745582301
7405101015,z_B1,Tier 1,Penguatan kepadatan usaha perdagangan lokal (pertokoan),,-0.9231821766241524,0.9231821766241524
7405101017,z_B3,Tier 2,,,-0.6203188245463229,0.6203188245463229
7405101018,z_B1,Tier 1,Penguatan kepadatan usaha perdagangan lokal (pertokoan),,-0.6267794049360415,0.6267794049360415
7405101019,z_B3,Tier 2,,,-0.9874427823429638,0.9874427823429638
7405101020,z_B1,Tier 1,Penguatan kepadatan usaha perdagangan lokal (pertokoan),,-0.7154899418321495,0.7154899418321495
7405102009,z_B7,Tier 1,Pemenuhan layanan kesehatan dasar (pemerataan layanan),,-0.29213101705915423,0.29213101705915423
7405110016,z_B3,Tier 2,,,-0.6203188245463229,0.6203188245463229
7405110018,z_B3,Tier 2,,"Konektivitas digital di bawah rata-rata, berasosiasi dengan keterbatasan diversifikasi pendapatan non-pertanian",-0.6203188245463229,0.6203188245463229
7405110019,z_B1,Tier 1,Penguatan kepadatan usaha perdagangan lokal (pertokoan),,-0.6267794049360415,0.6267794049360415
7405110020,z_B3,Tier 2,,,-0.6203188245463229,0.6203188245463229
7405110022,z_B3,Tier 2,,,-0.33010121676158904,0.33010121676158904
7405110023,z_B3,Tier 2,,,-0.6203188245463229,0.6203188245463229
7405110024,z_B3,Tier 2,,,-0.6203188245463229,0.6203188245463229
7405110025,z_B3,Tier 2,,,-0.6203188245463229,0.6203188245463229
7405110026,z_B3,Tier 2,,,-0.33010121676158904,0.33010121676158904
7405110027,z_B1,Tier 1,Penguatan kepadatan usaha perdagangan lokal (pertokoan),,-0.9231821766241524,0.9231821766241524
7405110028,z_B3,Tier 2,,,-0.6203188245463229,0.6203188245463229
7405110029,z_B1,Tier 1,Penguatan kepadatan usaha perdagangan lokal (pertokoan),,-0.7154899418321495,0.7154899418321495
7405110030,z_B3,Tier 2,,,-0.6203188245463229,0.6203188245463229
7405110032,z_B3,Tier 2,,,-0.33010121676158904,0.33010121676158904
7405110033,z_B1,Tier 1,Penguatan kepadatan usaha perdagangan lokal (pertokoan),,-0.5457930298744611,0.5457930298744611
7405110034,z_B1,Tier 1,Penguatan kepadatan usaha perdagangan lokal (pertokoan),,-0.6267794049360415,0.6267794049360415
7405110035,z_B1,Tier 1,Penguatan kepadatan usaha perdagangan lokal (pertokoan),,-0.471292786700904,0.471292786700904
7405110036,z_B1,Tier 1,Penguatan kepadatan usaha perdagangan lokal (pertokoan),,-0.8135548907268579,0.8135548907268579
7405110037,z_B3,Tier 2,,,-0.6203188245463229,0.6203188245463229
7405110038,z_B1,Tier 1,Penguatan kepadatan usaha perdagangan lokal (pertokoan),"Konektivitas digital di bawah rata-rata, berasosiasi dengan keterbatasan diversifikasi pendapatan non-pertanian",-1.5683331842262402,1.5683331842262402
7405110040,z_B1,Tier 1,Penguatan kepadatan usaha perdagangan lokal (pertokoan),,-0.6267794049360415,0.6267794049360415
7405111001,z_B3,Tier 2,,,-0.6203188245463229,0.6203188245463229
7405111003,z_B3,Tier 2,,,-0.6203188245463229,0.6203188245463229
7405111004,z_B2,Tier 1,Perluasan akses perbankan pemerintah dan koperasi simpan pinjam,"Konektivitas digital di bawah rata-rata, berasosiasi dengan keterbatasan diversifikasi pendapatan non-pertanian",-0.27166923980560326,0.27166923980560326
7405111007,z_B3,Tier 2,,,-0.6203188245463229,0.6203188245463229
7405111008,z_B1,Tier 1,Penguatan kepadatan usaha perdagangan lokal (pertokoan),,-0.8135548907268579,0.8135548907268579
7405111011,z_B3,Tier 2,,"Konektivitas digital di bawah rata-rata, berasosiasi dengan keterbatasan diversifikasi pendapatan non-pertanian",-0.6203188245463229,0.6203188245463229
7405111014,z_B1,Tier 1,Penguatan kepadatan usaha perdagangan lokal (pertokoan),"Konektivitas digital di bawah rata-rata, berasosiasi dengan keterbatasan diversifikasi pendapatan non-pertanian",-0.8135548907268579,0.8135548907268579
7405111015,z_B7,Tier 1,Pemenuhan layanan kesehatan dasar (pemerataan layanan),"Konektivitas digital di bawah rata-rata, berasosiasi dengan keterbatasan diversifikasi pendapatan non-pertanian",-0.29213101705915423,0.29213101705915423
7405112001,z_B1,Tier 1,Penguatan kepadatan usaha perdagangan lokal (pertokoan),"Konektivitas digital di bawah rata-rata, berasosiasi dengan keterbatasan diversifikasi pendapatan non-pertanian",-0.6267794049360415,0.6267794049360415
7405112004,z_B7,Tier 1,Pemenuhan layanan kesehatan dasar (pemerataan layanan),"Konektivitas digital di bawah rata-rata, berasosiasi dengan keterbatasan diversifikasi pendapatan non-pertanian",-0.29213101705915423,0.29213101705915423
7405112008,z_B1,Tier 1,Penguatan kepadatan usaha perdagangan lokal (pertokoan),,-0.9231821766241524,0.9231821766241524
7406011001,z_B2,Tier 1,Perluasan akses perbankan pemerintah dan koperasi simpan pinjam,"Konektivitas digital di bawah rata-rata, berasosiasi dengan keterbatasan diversifikasi pendapatan non-pertanian",-0.27166923980560326,0.27166923980560326
7406011002,z_B7,Tier 1,Pemenuhan layanan kesehatan dasar (pemerataan layanan),"Konektivitas digital di bawah rata-rata, berasosiasi dengan keterbatasan diversifikasi pendapatan non-pertanian",-0.29213101705915423,0.29213101705915423
7406011003,z_B2,Tier 1,Perluasan akses perbankan pemerintah dan koperasi simpan pinjam,"Konektivitas digital di bawah rata-rata, berasosiasi dengan keterbatasan diversifikasi pendapatan non-pertanian",-0.27166923980560326,0.27166923980560326
7406013001,z_B3,Tier 2,,,-0.6203188245463229,0.6203188245463229
7406013004,z_B7,Tier 1,Pemenuhan layanan kesehatan dasar (pemerataan layanan),"Konektivitas digital di bawah rata-rata, berasosiasi dengan keterbatasan diversifikasi pendapatan non-pertanian",-0.29213101705915423,0.29213101705915423
7406021006,z_B3,Tier 2,,"Konektivitas digital di bawah rata-rata, berasosiasi dengan keterbatasan diversifikasi pendapatan non-pertanian",-0.9874427823429638,0.9874427823429638
7406021007,z_B3,Tier 2,,,-0.9874427823429638,0.9874427823429638
7406031005,z_B3,Tier 2,,,-0.9874427823429638,0.9874427823429638
7406031007,z_B3,Tier 2,,,-0.9874427823429638,0.9874427823429638
7406031008,z_B3,Tier 2,,"Konektivitas digital di bawah rata-rata, berasosiasi dengan keterbatasan diversifikasi pendapatan non-pertanian",-0.9874427823429638,0.9874427823429638
7406031010,z_B3,Tier 2,,"Konektivitas digital di bawah rata-rata, berasosiasi dengan keterbatasan diversifikasi pendapatan non-pertanian",-0.9874427823429638,0.9874427823429638
7406031011,z_B3,Tier 2,,"Konektivitas digital di bawah rata-rata, berasosiasi dengan keterbatasan diversifikasi pendapatan non-pertanian",-0.6972251745582301,0.6972251745582301
7406032002,z_B3,Tier 2,,"Konektivitas digital di bawah rata-rata, berasosiasi dengan keterbatasan diversifikasi pendapatan non-pertanian",-0.9874427823429638,0.9874427823429638
7406040001,z_B1,Tier 1,Penguatan kepadatan usaha perdagangan lokal (pertokoan),,-0.471292786700904,0.471292786700904
7406040002,z_B3,Tier 2,,"Konektivitas digital di bawah rata-rata, berasosiasi dengan keterbatasan diversifikasi pendapatan non-pertanian",-0.9874427823429638,0.9874427823429638
7406040006,z_B7,Tier 1,Pemenuhan layanan kesehatan dasar (pemerataan layanan),,-0.29213101705915423,0.29213101705915423
7406040007,z_B3,Tier 2,,,-0.9874427823429638,0.9874427823429638
7406040008,z_B1,Tier 1,Penguatan kepadatan usaha perdagangan lokal (pertokoan),,-0.4023163351661838,0.4023163351661838
7406041002,z_B7,Tier 1,Pemenuhan layanan kesehatan dasar (pemerataan layanan),,-0.29213101705915423,0.29213101705915423
7406041006,z_B3,Tier 2,,,-0.6972251745582301,0.6972251745582301
7406041007,z_B3,Tier 2,,,-0.6972251745582301,0.6972251745582301
7406041008,z_B7,Tier 1,Pemenuhan layanan kesehatan dasar (pemerataan layanan),,-0.29213101705915423,0.29213101705915423
7406042001,z_B1,Tier 1,Penguatan kepadatan usaha perdagangan lokal (pertokoan),,-1.360640949434238,1.360640949434238
7406042002,z_B3,Tier 2,,,-0.9874427823429638,0.9874427823429638
7406042003,z_B1,Tier 1,Penguatan kepadatan usaha perdagangan lokal (pertokoan),,-1.1909440374765494,1.1909440374765494
7406042004,z_B1,Tier 1,Penguatan kepadatan usaha perdagangan lokal (pertokoan),,-1.1909440374765494,1.1909440374765494
7406042005,z_B3,Tier 2,,,-0.9874427823429638,0.9874427823429638
7406043001,z_B3,Tier 2,,,-0.29945270167320365,0.29945270167320365
7406043002,z_B1,Tier 1,Penguatan kepadatan usaha perdagangan lokal (pertokoan),"Konektivitas digital di bawah rata-rata, berasosiasi dengan keterbatasan diversifikasi pendapatan non-pertanian",-0.6267794049360415,0.6267794049360415
7406043003,z_B3,Tier 2,,,-0.33645876788950574,0.33645876788950574
7406043004,z_B3,Tier 2,,,-0.33645876788950574,0.33645876788950574
7406043005,z_B7,Tier 1,Pemenuhan layanan kesehatan dasar (pemerataan layanan),,-0.29213101705915423,0.29213101705915423
7406043006,z_B1,Tier 1,Penguatan kepadatan usaha perdagangan lokal (pertokoan),,-0.471292786700904,0.471292786700904
7406043009,z_B3,Tier 2,,,-0.9874427823429638,0.9874427823429638
7406050003,z_B7,Tier 1,Pemenuhan layanan kesehatan dasar (pemerataan layanan),,-0.29213101705915423,0.29213101705915423
7406050004,z_B3,Tier 2,,,-0.33645876788950574,0.33645876788950574
7406050009,z_B7,Tier 1,Pemenuhan layanan kesehatan dasar (pemerataan layanan),"Konektivitas digital di bawah rata-rata, berasosiasi dengan keterbatasan diversifikasi pendapatan non-pertanian",-0.29213101705915423,0.29213101705915423
7406050012,z_B7,Tier 1,Pemenuhan layanan kesehatan dasar (pemerataan layanan),,-0.29213101705915423,0.29213101705915423
7406050016,z_B3,Tier 2,,"Konektivitas digital di bawah rata-rata, berasosiasi dengan keterbatasan diversifikasi pendapatan non-pertanian",-0.9874427823429638,0.9874427823429638
7406051001,z_B3,Tier 2,,,-0.6972251745582301,0.6972251745582301
7406051003,z_B7,Tier 1,Pemenuhan layanan kesehatan dasar (pemerataan layanan),"Konektivitas digital di bawah rata-rata, berasosiasi dengan keterbatasan diversifikasi pendapatan non-pertanian",-0.29213101705915423,0.29213101705915423
7406051005,z_B7,Tier 1,Pemenuhan layanan kesehatan dasar (pemerataan layanan),,-0.29213101705915423,0.29213101705915423
7406051006,z_B1,Tier 1,Penguatan kepadatan usaha perdagangan lokal (pertokoan),,-1.8042201911806721,1.8042201911806721
7406051007,z_B3,Tier 2,,"Konektivitas digital di bawah rata-rata, berasosiasi dengan keterbatasan diversifikasi pendapatan non-pertanian",-0.6972251745582301,0.6972251745582301
7406052004,z_B3,Tier 2,,"Konektivitas digital di bawah rata-rata, berasosiasi dengan keterbatasan diversifikasi pendapatan non-pertanian",-0.9874427823429638,0.9874427823429638
7406052005,z_B3,Tier 2,,,-0.33645876788950574,0.33645876788950574
7406060002,z_B2,Tier 1,Perluasan akses perbankan pemerintah dan koperasi simpan pinjam,"Konektivitas digital di bawah rata-rata, berasosiasi dengan keterbatasan diversifikasi pendapatan non-pertanian",-0.27166923980560326,0.27166923980560326
7406060003,z_B2,Tier 1,Perluasan akses perbankan pemerintah dan koperasi simpan pinjam,,-0.27166923980560326,0.27166923980560326
7406060006,z_B3,Tier 2,,,-0.29945270167320365,0.29945270167320365
7406060007,z_B1,Tier 1,Penguatan kepadatan usaha perdagangan lokal (pertokoan),,-0.30622594118449353,0.30622594118449353
7406061002,z_B3,Tier 2,,"Konektivitas digital di bawah rata-rata, berasosiasi dengan keterbatasan diversifikasi pendapatan non-pertanian",-0.9874427823429638,0.9874427823429638
7406061004,z_B2,Tier 1,Perluasan akses perbankan pemerintah dan koperasi simpan pinjam,,-0.27166923980560326,0.27166923980560326
7406061006,z_B7,Tier 1,Pemenuhan layanan kesehatan dasar (pemerataan layanan),"Konektivitas digital di bawah rata-rata, berasosiasi dengan keterbatasan diversifikasi pendapatan non-pertanian",-0.29213101705915423,0.29213101705915423
7406061007,z_B7,Tier 1,Pemenuhan layanan kesehatan dasar (pemerataan layanan),"Konektivitas digital di bawah rata-rata, berasosiasi dengan keterbatasan diversifikasi pendapatan non-pertanian",-0.29213101705915423,0.29213101705915423
7406061008,z_B3,Tier 2,,,-0.33645876788950574,0.33645876788950574
7406061010,z_B7,Tier 1,Pemenuhan layanan kesehatan dasar (pemerataan layanan),"Konektivitas digital di bawah rata-rata, berasosiasi dengan keterbatasan diversifikasi pendapatan non-pertanian",-0.29213101705915423,0.29213101705915423
7406061011,z_B7,Tier 1,Pemenuhan layanan kesehatan dasar (pemerataan layanan),"Konektivitas digital di bawah rata-rata, berasosiasi dengan keterbatasan diversifikasi pendapatan non-pertanian",-0.29213101705915423,0.29213101705915423
7406062001,z_B3,Tier 2,,,-0.29945270167320365,0.29945270167320365
7406062002,z_B3,Tier 2,,"Konektivitas digital di bawah rata-rata, berasosiasi dengan keterbatasan diversifikasi pendapatan non-pertanian",-0.29945270167320365,0.29945270167320365
7406062003,z_B2,Tier 1,Perluasan akses perbankan pemerintah dan koperasi simpan pinjam,"Konektivitas digital di bawah rata-rata, berasosiasi dengan keterbatasan diversifikasi pendapatan non-pertanian",-0.27166923980560326,0.27166923980560326
7406062004,z_B7,Tier 1,Pemenuhan layanan kesehatan dasar (pemerataan layanan),"Konektivitas digital di bawah rata-rata, berasosiasi dengan keterbatasan diversifikasi pendapatan non-pertanian",-0.29213101705915423,0.29213101705915423
7406062005,z_B7,Tier 1,Pemenuhan layanan kesehatan dasar (pemerataan layanan),"Konektivitas digital di bawah rata-rata, berasosiasi dengan keterbatasan diversifikasi pendapatan non-pertanian",-0.29213101705915423,0.29213101705915423
7406063001,z_B3,Tier 2,,"Konektivitas digital di bawah rata-rata, berasosiasi dengan keterbatasan diversifikasi pendapatan non-pertanian",-0.9874427823429638,0.9874427823429638
7406063002,z_B3,Tier 2,,,-0.9874427823429638,0.9874427823429638
7406063004,z_B3,Tier 2,,"Konektivitas digital di bawah rata-rata, berasosiasi dengan keterbatasan diversifikasi pendapatan non-pertanian",-0.9874427823429638,0.9874427823429638
7407050017,z_B1,Tier 1,Penguatan kepadatan usaha perdagangan lokal (pertokoan),,-0.9231821766241524,0.9231821766241524
7408010005,z_B7,Tier 1,Pemenuhan layanan kesehatan dasar (pemerataan layanan),,-0.29213101705915423,0.29213101705915423
7408010006,z_B1,Tier 1,Penguatan kepadatan usaha perdagangan lokal (pertokoan),,-0.471292786700904,0.471292786700904
7408010007,z_B2,Tier 1,Perluasan akses perbankan pemerintah dan koperasi simpan pinjam,,-0.27166923980560326,0.27166923980560326
7408010008,z_B1,Tier 1,Penguatan kepadatan usaha perdagangan lokal (pertokoan),,-0.7154899418321495,0.7154899418321495
7408010017,z_B3,Tier 2,,,-0.29945270167320365,0.29945270167320365
7408010018,z_B1,Tier 1,Penguatan kepadatan usaha perdagangan lokal (pertokoan),,-0.9231821766241524,0.9231821766241524
7408012001,z_B2,Tier 1,Perluasan akses perbankan pemerintah dan koperasi simpan pinjam,,-0.27166923980560326,0.27166923980560326
7408012002,z_B7,Tier 1,Pemenuhan layanan kesehatan dasar (pemerataan layanan),,0.027476713750175352,-0.027476713750175352
7408020013,z_B1,Tier 1,Penguatan kepadatan usaha perdagangan lokal (pertokoan),,-0.3381007950824587,0.3381007950824587
7408020014,z_B7,Tier 1,Pemenuhan layanan kesehatan dasar (pemerataan layanan),,-0.29213101705915423,0.29213101705915423
7408020015,z_B7,Tier 1,Pemenuhan layanan kesehatan dasar (pemerataan layanan),,-0.29213101705915423,0.29213101705915423
7408020027,z_B7,Tier 1,Pemenuhan layanan kesehatan dasar (pemerataan layanan),,-0.29213101705915423,0.29213101705915423
7408020028,z_B1,Tier 1,Penguatan kepadatan usaha perdagangan lokal (pertokoan),"Konektivitas digital di bawah rata-rata, berasosiasi dengan keterbatasan diversifikasi pendapatan non-pertanian",-0.6267794049360415,0.6267794049360415
7408020029,z_B2,Tier 1,Perluasan akses perbankan pemerintah dan koperasi simpan pinjam,,-0.27166923980560326,0.27166923980560326
7408021005,z_B7,Tier 1,Pemenuhan layanan kesehatan dasar (pemerataan layanan),,-0.29213101705915423,0.29213101705915423
7408030005,z_B7,Tier 1,Pemenuhan layanan kesehatan dasar (pemerataan layanan),,-0.29213101705915423,0.29213101705915423
7408030006,z_B7,Tier 1,Pemenuhan layanan kesehatan dasar (pemerataan layanan),,-0.29213101705915423,0.29213101705915423
7408030007,z_B7,Tier 1,Pemenuhan layanan kesehatan dasar (pemerataan layanan),,-0.29213101705915423,0.29213101705915423
7408030008,z_B2,Tier 1,Perluasan akses perbankan pemerintah dan koperasi simpan pinjam,,-0.27166923980560326,0.27166923980560326
7408030009,z_B2,Tier 1,Perluasan akses perbankan pemerintah dan koperasi simpan pinjam,,-0.27166923980560326,0.27166923980560326
7408030017,z_B1,Tier 1,Penguatan kepadatan usaha perdagangan lokal (pertokoan),,-0.5139181759764964,0.5139181759764964
7408030018,z_B7,Tier 1,Pemenuhan layanan kesehatan dasar (pemerataan layanan),,-0.29213101705915423,0.29213101705915423
7408031003,z_B1,Tier 1,Penguatan kepadatan usaha perdagangan lokal (pertokoan),,-0.4023163351661838,0.4023163351661838
7408031004,z_B1,Tier 1,Penguatan kepadatan usaha perdagangan lokal (pertokoan),,-0.8135548907268579,0.8135548907268579
7408040003,z_B2,Tier 1,Perluasan akses perbankan pemerintah dan koperasi simpan pinjam,,-0.27166923980560326,0.27166923980560326
7408040011,z_B2,Tier 1,Perluasan akses perbankan pemerintah dan koperasi simpan pinjam,,-0.27166923980560326,0.27166923980560326
7408040014,z_B1,Tier 1,Penguatan kepadatan usaha perdagangan lokal (pertokoan),"Konektivitas digital di bawah rata-rata, berasosiasi dengan keterbatasan diversifikasi pendapatan non-pertanian",-1.8360950450786375,1.8360950450786375
7408040018,z_B1,Tier 1,Penguatan kepadatan usaha perdagangan lokal (pertokoan),"Konektivitas digital di bawah rata-rata, berasosiasi dengan keterbatasan diversifikasi pendapatan non-pertanian",-1.1590691835785842,1.1590691835785842
7408040019,z_B1,Tier 1,Penguatan kepadatan usaha perdagangan lokal (pertokoan),,-1.0474673427682717,1.0474673427682717
7408041002,z_B3,Tier 2,,,-0.33010121676158904,0.33010121676158904
7408041005,z_B7,Tier 1,Pemenuhan layanan kesehatan dasar (pemerataan layanan),,-0.29213101705915423,0.29213101705915423
7408041006,z_B1,Tier 1,Penguatan kepadatan usaha perdagangan lokal (pertokoan),,-0.5457930298744611,0.5457930298744611
7408041007,z_B1,Tier 1,Penguatan kepadatan usaha perdagangan lokal (pertokoan),,-0.3381007950824587,0.3381007950824587
7408041008,z_B1,Tier 1,Penguatan kepadatan usaha perdagangan lokal (pertokoan),,-0.5457930298744611,0.5457930298744611
7408050014,z_B7,Tier 1,Pemenuhan layanan kesehatan dasar (pemerataan layanan),,-0.29213101705915423,0.29213101705915423
7408050015,z_B3,Tier 2,,,-0.6972251745582301,0.6972251745582301
7408050016,z_B3,Tier 2,,,-0.9874427823429638,0.9874427823429638
7408050017,z_B3,Tier 2,,,-0.6972251745582301,0.6972251745582301
7408050028,z_B3,Tier 2,,,-0.9874427823429638,0.9874427823429638
7408050036,z_B3,Tier 2,,,-0.9874427823429638,0.9874427823429638
7408050038,z_B3,Tier 2,,,-0.9874427823429638,0.9874427823429638
7408051001,z_B1,Tier 1,Penguatan kepadatan usaha perdagangan lokal (pertokoan),,-0.9231821766241524,0.9231821766241524
7408051002,z_B2,Tier 1,Perluasan akses perbankan pemerintah dan koperasi simpan pinjam,,-0.27166923980560326,0.27166923980560326
7408051007,z_B1,Tier 1,Penguatan kepadatan usaha perdagangan lokal (pertokoan),,-0.7154899418321495,0.7154899418321495
7408051008,z_B7,Tier 1,Pemenuhan layanan kesehatan dasar (pemerataan layanan),,-0.29213101705915423,0.29213101705915423
7408052004,z_B3,Tier 2,,,-0.6972251745582301,0.6972251745582301
7408052005,z_B3,Tier 2,,,-0.6972251745582301,0.6972251745582301
7408052008,z_B1,Tier 1,Penguatan kepadatan usaha perdagangan lokal (pertokoan),,-1.0474673427682717,1.0474673427682717
7408060019,z_B1,Tier 1,Penguatan kepadatan usaha perdagangan lokal (pertokoan),,-0.4023163351661838,0.4023163351661838
7408061001,z_B7,Tier 1,Pemenuhan layanan kesehatan dasar (pemerataan layanan),,-0.29213101705915423,0.29213101705915423
7408061002,z_B1,Tier 1,Penguatan kepadatan usaha perdagangan lokal (pertokoan),,-0.471292786700904,0.471292786700904
7408061004,z_B1,Tier 1,Penguatan kepadatan usaha perdagangan lokal (pertokoan),"Konektivitas digital di bawah rata-rata, berasosiasi dengan keterbatasan diversifikasi pendapatan non-pertanian",-0.3381007950824587,0.3381007950824587
7408061006,z_B1,Tier 1,Penguatan kepadatan usaha perdagangan lokal (pertokoan),"Konektivitas digital di bawah rata-rata, berasosiasi dengan keterbatasan diversifikasi pendapatan non-pertanian",-0.3381007950824587,0.3381007950824587
7408061007,z_B7,Tier 1,Pemenuhan layanan kesehatan dasar (pemerataan layanan),"Konektivitas digital di bawah rata-rata, berasosiasi dengan keterbatasan diversifikasi pendapatan non-pertanian",-0.29213101705915423,0.29213101705915423
7408062001,z_B3,Tier 2,,,-0.9874427823429638,0.9874427823429638
7409100009,z_B3,Tier 2,,,-0.5679411542517364,0.5679411542517364
7409100011,z_B3,Tier 2,,,-0.5679411542517364,0.5679411542517364
7409100013,z_B7,Tier 1,Pemenuhan layanan kesehatan dasar (pemerataan layanan),,-0.29213101705915423,0.29213101705915423
7409100014,z_B7,Tier 1,Pemenuhan layanan kesehatan dasar (pemerataan layanan),,-0.29213101705915423,0.29213101705915423
7409100015,z_B2,Tier 1,Perluasan akses perbankan pemerintah dan koperasi simpan pinjam,,-0.27166923980560326,0.27166923980560326
7409100016,z_B1,Tier 1,Penguatan kepadatan usaha perdagangan lokal (pertokoan),"Konektivitas digital di bawah rata-rata, berasosiasi dengan keterbatasan diversifikasi pendapatan non-pertanian",-0.9231821766241524,0.9231821766241524
7409100018,z_B2,Tier 1,Perluasan akses perbankan pemerintah dan koperasi simpan pinjam,,-0.27166923980560326,0.27166923980560326
7409100019,z_B3,Tier 2,,"Konektivitas digital di bawah rata-rata, berasosiasi dengan keterbatasan diversifikasi pendapatan non-pertanian",-0.5679411542517364,0.5679411542517364
7409100020,z_B3,Tier 2,,,-0.5679411542517364,0.5679411542517364
7409100022,z_B1,Tier 1,Penguatan kepadatan usaha perdagangan lokal (pertokoan),,-0.3381007950824587,0.3381007950824587
7409100023,z_B1,Tier 1,Penguatan kepadatan usaha perdagangan lokal (pertokoan),,-0.4023163351661838,0.4023163351661838
7409101001,z_B1,Tier 1,Penguatan kepadatan usaha perdagangan lokal (pertokoan),,-0.27803116902206426,0.27803116902206426
7409101007,z_B2,Tier 1,Perluasan akses perbankan pemerintah dan koperasi simpan pinjam,"Konektivitas digital di bawah rata-rata, berasosiasi dengan keterbatasan diversifikasi pendapatan non-pertanian",-0.27166923980560326,0.27166923980560326
7409101008,z_B2,Tier 1,Perluasan akses perbankan pemerintah dan koperasi simpan pinjam,,-0.27166923980560326,0.27166923980560326
7409101010,z_B7,Tier 1,Pemenuhan layanan kesehatan dasar (pemerataan layanan),,-0.29213101705915423,0.29213101705915423
7409101011,z_B1,Tier 1,Penguatan kepadatan usaha perdagangan lokal (pertokoan),,-1.0474673427682717,1.0474673427682717
7409110011,z_B3,Tier 2,,,-0.475210020653956,0.475210020653956
7409120010,z_B3,Tier 2,,"Konektivitas digital di bawah rata-rata, berasosiasi dengan keterbatasan diversifikasi pendapatan non-pertanian",-0.9874427823429638,0.9874427823429638
7409120012,z_B3,Tier 2,,,-0.9874427823429638,0.9874427823429638
7409120017,z_B1,Tier 1,Penguatan kepadatan usaha perdagangan lokal (pertokoan),"Konektivitas digital di bawah rata-rata, berasosiasi dengan keterbatasan diversifikasi pendapatan non-pertanian",-0.8135548907268579,0.8135548907268579
7409120018,z_B3,Tier 2,,"Konektivitas digital di bawah rata-rata, berasosiasi dengan keterbatasan diversifikasi pendapatan non-pertanian",-0.5679411542517364,0.5679411542517364
7409120019,z_B3,Tier 2,,,-0.33645876788950574,0.33645876788950574
7409120021,z_B3,Tier 2,,,-0.9874427823429638,0.9874427823429638
7409121001,z_B7,Tier 1,Pemenuhan layanan kesehatan dasar (pemerataan layanan),"Konektivitas digital di bawah rata-rata, berasosiasi dengan keterbatasan diversifikasi pendapatan non-pertanian",-0.29213101705915423,0.29213101705915423
7409121002,z_B1,Tier 1,Penguatan kepadatan usaha perdagangan lokal (pertokoan),"Konektivitas digital di bawah rata-rata, berasosiasi dengan keterbatasan diversifikasi pendapatan non-pertanian",-0.5139181759764964,0.5139181759764964
7409121003,z_B1,Tier 1,Penguatan kepadatan usaha perdagangan lokal (pertokoan),"Konektivitas digital di bawah rata-rata, berasosiasi dengan keterbatasan diversifikasi pendapatan non-pertanian",-0.30622594118449353,0.30622594118449353
7409121004,z_B1,Tier 1,Penguatan kepadatan usaha perdagangan lokal (pertokoan),,-1.0474673427682717,1.0474673427682717
7409121005,z_B2,Tier 1,Perluasan akses perbankan pemerintah dan koperasi simpan pinjam,"Konektivitas digital di bawah rata-rata, berasosiasi dengan keterbatasan diversifikasi pendapatan non-pertanian",-0.27166923980560326,0.27166923980560326
7409121007,z_B2,Tier 1,Perluasan akses perbankan pemerintah dan koperasi simpan pinjam,"Konektivitas digital di bawah rata-rata, berasosiasi dengan keterbatasan diversifikasi pendapatan non-pertanian",-0.27166923980560326,0.27166923980560326
7409121008,z_B1,Tier 1,Penguatan kepadatan usaha perdagangan lokal (pertokoan),"Konektivitas digital di bawah rata-rata, berasosiasi dengan keterbatasan diversifikasi pendapatan non-pertanian",-0.471292786700904,0.471292786700904
7409121009,z_B1,Tier 1,Penguatan kepadatan usaha perdagangan lokal (pertokoan),"Konektivitas digital di bawah rata-rata, berasosiasi dengan keterbatasan diversifikasi pendapatan non-pertanian",-0.9513769487865819,0.9513769487865819
7409121010,z_B2,Tier 1,Perluasan akses perbankan pemerintah dan koperasi simpan pinjam,"Konektivitas digital di bawah rata-rata, berasosiasi dengan keterbatasan diversifikasi pendapatan non-pertanian",-0.27166923980560326,0.27166923980560326
7409121011,z_B1,Tier 1,Penguatan kepadatan usaha perdagangan lokal (pertokoan),,-0.7154899418321495,0.7154899418321495
7409121012,z_B2,Tier 1,Perluasan akses perbankan pemerintah dan koperasi simpan pinjam,,-0.27166923980560326,0.27166923980560326
7409121013,z_B7,Tier 1,Pemenuhan layanan kesehatan dasar (pemerataan layanan),,-0.29213101705915423,0.29213101705915423
7409121015,z_B1,Tier 1,Penguatan kepadatan usaha perdagangan lokal (pertokoan),"Konektivitas digital di bawah rata-rata, berasosiasi dengan keterbatasan diversifikasi pendapatan non-pertanian",-0.9231821766241524,0.9231821766241524
7409122003,z_B3,Tier 2,,,-0.9874427823429638,0.9874427823429638
7409122004,z_B1,Tier 1,Penguatan kepadatan usaha perdagangan lokal (pertokoan),"Konektivitas digital di bawah rata-rata, berasosiasi dengan keterbatasan diversifikasi pendapatan non-pertanian",-1.360640949434238,1.360640949434238
7409122007,z_B3,Tier 2,,"Konektivitas digital di bawah rata-rata, berasosiasi dengan keterbatasan diversifikasi pendapatan non-pertanian",-0.9874427823429638,0.9874427823429638
7409122008,z_B3,Tier 2,,"Konektivitas digital di bawah rata-rata, berasosiasi dengan keterbatasan diversifikasi pendapatan non-pertanian",-0.9874427823429638,0.9874427823429638
7409122009,z_B3,Tier 2,,"Konektivitas digital di bawah rata-rata, berasosiasi dengan keterbatasan diversifikasi pendapatan non-pertanian",-0.9874427823429638,0.9874427823429638
7410020001,z_B1,Tier 1,Penguatan kepadatan usaha perdagangan lokal (pertokoan),,-1.360640949434238,1.360640949434238
7410020004,z_B1,Tier 1,Penguatan kepadatan usaha perdagangan lokal (pertokoan),,-0.5457930298744611,0.5457930298744611
7410030031,z_B3,Tier 2,,,-0.6972251745582301,0.6972251745582301
7410030032,z_B3,Tier 2,,,-0.9874427823429638,0.9874427823429638
7410032003,z_B7,Tier 1,Pemenuhan layanan kesehatan dasar (pemerataan layanan),,-0.29213101705915423,0.29213101705915423
7410040002,z_B3,Tier 2,,,-0.9874427823429638,0.9874427823429638
7410040007,z_B2,Tier 1,Perluasan akses perbankan pemerintah dan koperasi simpan pinjam,,-0.27166923980560326,0.27166923980560326
7410050013,z_B1,Tier 1,Penguatan kepadatan usaha perdagangan lokal (pertokoan),"Konektivitas digital di bawah rata-rata, berasosiasi dengan keterbatasan diversifikasi pendapatan non-pertanian",-1.1909440374765494,1.1909440374765494
7410051002,z_B2,Tier 1,Perluasan akses perbankan pemerintah dan koperasi simpan pinjam,,-0.27166923980560326,0.27166923980560326
7410070003,z_B1,Tier 1,Penguatan kepadatan usaha perdagangan lokal (pertokoan),,-1.1909440374765494,1.1909440374765494
7410070005,z_B7,Tier 1,Pemenuhan layanan kesehatan dasar (pemerataan layanan),,0.027476713750175352,-0.027476713750175352
7410070007,z_B3,Tier 2,,,-0.9874427823429638,0.9874427823429638
7410070008,z_B1,Tier 1,Penguatan kepadatan usaha perdagangan lokal (pertokoan),"Konektivitas digital di bawah rata-rata, berasosiasi dengan keterbatasan diversifikasi pendapatan non-pertanian",-0.7154899418321495,0.7154899418321495
7410070009,z_B3,Tier 2,,,-0.5679411542517364,0.5679411542517364
7410070020,z_B3,Tier 2,,,-0.9874427823429638,0.9874427823429638
7410070023,z_B3,Tier 2,,,-0.5679411542517364,0.5679411542517364
7410070029,z_B1,Tier 1,Penguatan kepadatan usaha perdagangan lokal (pertokoan),,-1.360640949434238,1.360640949434238
7410071005,z_B1,Tier 1,Penguatan kepadatan usaha perdagangan lokal (pertokoan),,-0.9231821766241524,0.9231821766241524
7410071011,z_B3,Tier 2,,,-0.9874427823429638,0.9874427823429638
7411010001,z_B7,Tier 1,Pemenuhan layanan kesehatan dasar (pemerataan layanan),"Konektivitas digital di bawah rata-rata, berasosiasi dengan keterbatasan diversifikasi pendapatan non-pertanian",-0.29213101705915423,0.29213101705915423
7411010003,z_B1,Tier 1,Penguatan kepadatan usaha perdagangan lokal (pertokoan),"Konektivitas digital di bawah rata-rata, berasosiasi dengan keterbatasan diversifikasi pendapatan non-pertanian",-0.471292786700904,0.471292786700904
7411010004,z_B1,Tier 1,Penguatan kepadatan usaha perdagangan lokal (pertokoan),"Konektivitas digital di bawah rata-rata, berasosiasi dengan keterbatasan diversifikasi pendapatan non-pertanian",-0.9231821766241524,0.9231821766241524
7411010005,z_B1,Tier 1,Penguatan kepadatan usaha perdagangan lokal (pertokoan),"Konektivitas digital di bawah rata-rata, berasosiasi dengan keterbatasan diversifikasi pendapatan non-pertanian",-1.0474673427682717,1.0474673427682717
7411010008,z_B1,Tier 1,Penguatan kepadatan usaha perdagangan lokal (pertokoan),,-0.5457930298744611,0.5457930298744611
7411010010,z_B1,Tier 1,Penguatan kepadatan usaha perdagangan lokal (pertokoan),,-0.9231821766241524,0.9231821766241524
7411010011,z_B3,Tier 2,,,-0.842333978450597,0.842333978450597
7411020001,z_B1,Tier 1,Penguatan kepadatan usaha perdagangan lokal (pertokoan),"Konektivitas digital di bawah rata-rata, berasosiasi dengan keterbatasan diversifikasi pendapatan non-pertanian",-0.471292786700904,0.471292786700904
7411020011,z_B3,Tier 2,,,-0.6972251745582301,0.6972251745582301
7411020012,z_B3,Tier 2,,,-0.9874427823429638,0.9874427823429638
7411020013,z_B3,Tier 2,,,-0.9874427823429638,0.9874427823429638
7411020014,z_B3,Tier 2,,"Konektivitas digital di bawah rata-rata, berasosiasi dengan keterbatasan diversifikasi pendapatan non-pertanian",-0.9874427823429638,0.9874427823429638
7411020015,z_B7,Tier 1,Pemenuhan layanan kesehatan dasar (pemerataan layanan),,-0.29213101705915423,0.29213101705915423
7411030001,z_B3,Tier 2,,"Konektivitas digital di bawah rata-rata, berasosiasi dengan keterbatasan diversifikasi pendapatan non-pertanian",-0.9874427823429638,0.9874427823429638
7411030002,z_B3,Tier 2,,"Konektivitas digital di bawah rata-rata, berasosiasi dengan keterbatasan diversifikasi pendapatan non-pertanian",-0.9874427823429638,0.9874427823429638
7411030003,z_B3,Tier 2,,,-0.9874427823429638,0.9874427823429638
7411030004,z_B7,Tier 1,Pemenuhan layanan kesehatan dasar (pemerataan layanan),,-0.29213101705915423,0.29213101705915423
7411030005,z_B7,Tier 1,Pemenuhan layanan kesehatan dasar (pemerataan layanan),,-0.29213101705915423,0.29213101705915423
7411030006,z_B3,Tier 2,,,-0.9874427823429638,0.9874427823429638
7411030009,z_B3,Tier 2,,,-0.29945270167320365,0.29945270167320365
7411030010,z_B3,Tier 2,,,-0.9874427823429638,0.9874427823429638
7411030012,z_B3,Tier 2,,,-0.9874427823429638,0.9874427823429638
7411040003,z_B3,Tier 2,,"Konektivitas digital di bawah rata-rata, berasosiasi dengan keterbatasan diversifikasi pendapatan non-pertanian",-0.9874427823429638,0.9874427823429638
7411040004,z_B7,Tier 1,Pemenuhan layanan kesehatan dasar (pemerataan layanan),,-0.29213101705915423,0.29213101705915423
7411040005,z_B1,Tier 1,Penguatan kepadatan usaha perdagangan lokal (pertokoan),,-0.6267794049360415,0.6267794049360415
7411040009,z_B1,Tier 1,Penguatan kepadatan usaha perdagangan lokal (pertokoan),,-0.5139181759764964,0.5139181759764964
7411040010,z_B1,Tier 1,Penguatan kepadatan usaha perdagangan lokal (pertokoan),"Konektivitas digital di bawah rata-rata, berasosiasi dengan keterbatasan diversifikasi pendapatan non-pertanian",-0.7154899418321495,0.7154899418321495
7411040011,z_B1,Tier 1,Penguatan kepadatan usaha perdagangan lokal (pertokoan),,-1.0474673427682717,1.0474673427682717
7411040012,z_B1,Tier 1,Penguatan kepadatan usaha perdagangan lokal (pertokoan),"Konektivitas digital di bawah rata-rata, berasosiasi dengan keterbatasan diversifikasi pendapatan non-pertanian",-1.360640949434238,1.360640949434238
7411050001,z_B3,Tier 2,,,-0.6972251745582301,0.6972251745582301
7411050003,z_B3,Tier 2,,,-0.6972251745582301,0.6972251745582301
7411050004,z_B1,Tier 1,Penguatan kepadatan usaha perdagangan lokal (pertokoan),,-1.1590691835785842,1.1590691835785842
7411050005,z_B3,Tier 2,,,-0.842333978450597,0.842333978450597
7411050006,z_B3,Tier 2,,,-0.9874427823429638,0.9874427823429638
7411050008,z_B3,Tier 2,,,-0.842333978450597,0.842333978450597
7411050010,z_B3,Tier 2,,,-0.5679411542517364,0.5679411542517364
7411060001,z_B1,Tier 1,Penguatan kepadatan usaha perdagangan lokal (pertokoan),,-0.6382033421206158,0.6382033421206158
7411060005,z_B3,Tier 2,,,-0.9874427823429638,0.9874427823429638
7411060006,z_B3,Tier 2,,,-0.6972251745582301,0.6972251745582301
7411060007,z_B3,Tier 2,,,-0.9874427823429638,0.9874427823429638
7411060009,z_B3,Tier 2,,,-0.29945270167320365,0.29945270167320365
7411070001,z_B3,Tier 2,,,-0.6972251745582301,0.6972251745582301
7411070002,z_B3,Tier 2,,,-0.6972251745582301,0.6972251745582301
7411070004,z_B3,Tier 2,,,-0.6972251745582301,0.6972251745582301
7411070005,z_B3,Tier 2,,,-0.6972251745582301,0.6972251745582301
7411070014,z_B3,Tier 2,,,-0.6972251745582301,0.6972251745582301
7411070015,z_B1,Tier 1,Penguatan kepadatan usaha perdagangan lokal (pertokoan),,-1.0474673427682717,1.0474673427682717
7411090001,z_B7,Tier 1,Pemenuhan layanan kesehatan dasar (pemerataan layanan),,-0.29213101705915423,0.29213101705915423
7411090002,z_B3,Tier 2,,,-0.6972251745582301,0.6972251745582301
7411090003,z_B1,Tier 1,Penguatan kepadatan usaha perdagangan lokal (pertokoan),,-0.6267794049360415,0.6267794049360415
7411090004,z_B1,Tier 1,Penguatan kepadatan usaha perdagangan lokal (pertokoan),,0.018371602666046653,-0.018371602666046653
7411090005,z_B7,Tier 1,Pemenuhan layanan kesehatan dasar (pemerataan layanan),,-0.29213101705915423,0.29213101705915423
7411090006,z_B7,Tier 1,Pemenuhan layanan kesehatan dasar (pemerataan layanan),"Konektivitas digital di bawah rata-rata, berasosiasi dengan keterbatasan diversifikasi pendapatan non-pertanian",-0.29213101705915423,0.29213101705915423
7411090008,z_B3,Tier 2,,,-0.9874427823429638,0.9874427823429638
7411090009,z_B3,Tier 2,,,-0.6972251745582301,0.6972251745582301
7411090010,z_B1,Tier 1,Penguatan kepadatan usaha perdagangan lokal (pertokoan),"Konektivitas digital di bawah rata-rata, berasosiasi dengan keterbatasan diversifikasi pendapatan non-pertanian",-0.6382033421206158,0.6382033421206158
7411100002,z_B3,Tier 2,,,-0.33645876788950574,0.33645876788950574
7411100003,z_B7,Tier 1,Pemenuhan layanan kesehatan dasar (pemerataan layanan),,-0.29213101705915423,0.29213101705915423
7411100006,z_B3,Tier 2,,,-0.9874427823429638,0.9874427823429638
7411100008,z_B1,Tier 1,Penguatan kepadatan usaha perdagangan lokal (pertokoan),"Konektivitas digital di bawah rata-rata, berasosiasi dengan keterbatasan diversifikasi pendapatan non-pertanian",-1.1909440374765494,1.1909440374765494
7411100010,z_B1,Tier 1,Penguatan kepadatan usaha perdagangan lokal (pertokoan),"Konektivitas digital di bawah rata-rata, berasosiasi dengan keterbatasan diversifikasi pendapatan non-pertanian",-1.1909440374765494,1.1909440374765494
7411100012,z_B3,Tier 2,,"Konektivitas digital di bawah rata-rata, berasosiasi dengan keterbatasan diversifikasi pendapatan non-pertanian",-0.6972251745582301,0.6972251745582301
7411110001,z_B3,Tier 2,,"Konektivitas digital di bawah rata-rata, berasosiasi dengan keterbatasan diversifikasi pendapatan non-pertanian",-0.9874427823429638,0.9874427823429638
7411110002,z_B1,Tier 1,Penguatan kepadatan usaha perdagangan lokal (pertokoan),,-0.3381007950824587,0.3381007950824587
7411110003,z_B3,Tier 2,,,-0.33645876788950574,0.33645876788950574
7411110004,z_B1,Tier 1,Penguatan kepadatan usaha perdagangan lokal (pertokoan),,-0.7154899418321495,0.7154899418321495
7411110009,z_B1,Tier 1,Penguatan kepadatan usaha perdagangan lokal (pertokoan),"Konektivitas digital di bawah rata-rata, berasosiasi dengan keterbatasan diversifikasi pendapatan non-pertanian",-1.360640949434238,1.360640949434238
7411110010,z_B7,Tier 1,Pemenuhan layanan kesehatan dasar (pemerataan layanan),"Konektivitas digital di bawah rata-rata, berasosiasi dengan keterbatasan diversifikasi pendapatan non-pertanian",-0.29213101705915423,0.29213101705915423
7411120002,z_B1,Tier 1,Penguatan kepadatan usaha perdagangan lokal (pertokoan),"Konektivitas digital di bawah rata-rata, berasosiasi dengan keterbatasan diversifikasi pendapatan non-pertanian",-1.426831044430981,1.426831044430981
7411120004,z_B1,Tier 1,Penguatan kepadatan usaha perdagangan lokal (pertokoan),"Konektivitas digital di bawah rata-rata, berasosiasi dengan keterbatasan diversifikasi pendapatan non-pertanian",-0.7816800368288931,0.7816800368288931
7411120005,z_B2,Tier 1,Perluasan akses perbankan pemerintah dan koperasi simpan pinjam,"Konektivitas digital di bawah rata-rata, berasosiasi dengan keterbatasan diversifikasi pendapatan non-pertanian",-0.27166923980560326,0.27166923980560326
7411120006,z_B1,Tier 1,Penguatan kepadatan usaha perdagangan lokal (pertokoan),"Konektivitas digital di bawah rata-rata, berasosiasi dengan keterbatasan diversifikasi pendapatan non-pertanian",-1.1590691835785842,1.1590691835785842
7411120007,z_B1,Tier 1,Penguatan kepadatan usaha perdagangan lokal (pertokoan),"Konektivitas digital di bawah rata-rata, berasosiasi dengan keterbatasan diversifikasi pendapatan non-pertanian",-0.9513769487865819,0.9513769487865819
7411120010,z_B1,Tier 1,Penguatan kepadatan usaha perdagangan lokal (pertokoan),"Konektivitas digital di bawah rata-rata, berasosiasi dengan keterbatasan diversifikasi pendapatan non-pertanian",-0.6382033421206158,0.6382033421206158
7412010008,z_B1,Tier 1,Penguatan kepadatan usaha perdagangan lokal (pertokoan),,-1.0474673427682717,1.0474673427682717
7412010010,z_B1,Tier 1,Penguatan kepadatan usaha perdagangan lokal (pertokoan),"Konektivitas digital di bawah rata-rata, berasosiasi dengan keterbatasan diversifikasi pendapatan non-pertanian",-0.9231821766241524,0.9231821766241524
7412010011,z_B1,Tier 1,Penguatan kepadatan usaha perdagangan lokal (pertokoan),"Konektivitas digital di bawah rata-rata, berasosiasi dengan keterbatasan diversifikasi pendapatan non-pertanian",-0.9231821766241524,0.9231821766241524
7412010014,z_B1,Tier 1,Penguatan kepadatan usaha perdagangan lokal (pertokoan),"Konektivitas digital di bawah rata-rata, berasosiasi dengan keterbatasan diversifikasi pendapatan non-pertanian",-0.7154899418321495,0.7154899418321495
7412020004,z_B1,Tier 1,Penguatan kepadatan usaha perdagangan lokal (pertokoan),,-1.0474673427682717,1.0474673427682717
7412020009,z_B3,Tier 2,,,-0.9874427823429638,0.9874427823429638
7412020011,z_B1,Tier 1,Penguatan kepadatan usaha perdagangan lokal (pertokoan),,-1.0474673427682717,1.0474673427682717
7412020012,z_B1,Tier 1,Penguatan kepadatan usaha perdagangan lokal (pertokoan),"Konektivitas digital di bawah rata-rata, berasosiasi dengan keterbatasan diversifikasi pendapatan non-pertanian",-1.0474673427682717,1.0474673427682717
7412030003,z_B3,Tier 2,,"Konektivitas digital di bawah rata-rata, berasosiasi dengan keterbatasan diversifikasi pendapatan non-pertanian",-0.9874427823429638,0.9874427823429638
7412030005,z_B1,Tier 1,Penguatan kepadatan usaha perdagangan lokal (pertokoan),,-1.1909440374765494,1.1909440374765494
7412030006,z_B3,Tier 2,,"Konektivitas digital di bawah rata-rata, berasosiasi dengan keterbatasan diversifikasi pendapatan non-pertanian",-0.9874427823429638,0.9874427823429638
7412040005,z_B3,Tier 2,,"Konektivitas digital di bawah rata-rata, berasosiasi dengan keterbatasan diversifikasi pendapatan non-pertanian",-0.9874427823429638,0.9874427823429638
7412040006,z_B3,Tier 2,,"Konektivitas digital di bawah rata-rata, berasosiasi dengan keterbatasan diversifikasi pendapatan non-pertanian",-0.9874427823429638,0.9874427823429638
7412040008,z_B1,Tier 1,Penguatan kepadatan usaha perdagangan lokal (pertokoan),,-1.1909440374765494,1.1909440374765494
7412040009,z_B1,Tier 1,Penguatan kepadatan usaha perdagangan lokal (pertokoan),,-1.1909440374765494,1.1909440374765494
7412040014,z_B3,Tier 2,,,-0.9874427823429638,0.9874427823429638
7412040016,z_B1,Tier 1,Penguatan kepadatan usaha perdagangan lokal (pertokoan),"Konektivitas digital di bawah rata-rata, berasosiasi dengan keterbatasan diversifikasi pendapatan non-pertanian",-1.5683331842262402,1.5683331842262402
7412040018,z_B1,Tier 1,Penguatan kepadatan usaha perdagangan lokal (pertokoan),"Konektivitas digital di bawah rata-rata, berasosiasi dengan keterbatasan diversifikasi pendapatan non-pertanian",-1.8360950450786375,1.8360950450786375
7412040019,z_B1,Tier 1,Penguatan kepadatan usaha perdagangan lokal (pertokoan),,-1.5683331842262402,1.5683331842262402
7412040020,z_B1,Tier 1,Penguatan kepadatan usaha perdagangan lokal (pertokoan),"Konektivitas digital di bawah rata-rata, berasosiasi dengan keterbatasan diversifikasi pendapatan non-pertanian",-1.1909440374765494,1.1909440374765494
7412040021,z_B3,Tier 2,,"Konektivitas digital di bawah rata-rata, berasosiasi dengan keterbatasan diversifikasi pendapatan non-pertanian",-0.9874427823429638,0.9874427823429638
7412050003,z_B3,Tier 2,,,-0.9874427823429638,0.9874427823429638
7412050004,z_B1,Tier 1,Penguatan kepadatan usaha perdagangan lokal (pertokoan),,-1.1909440374765494,1.1909440374765494
7412060003,z_B1,Tier 1,Penguatan kepadatan usaha perdagangan lokal (pertokoan),,-1.0474673427682717,1.0474673427682717
7412060004,z_B1,Tier 1,Penguatan kepadatan usaha perdagangan lokal (pertokoan),,-0.7154899418321495,0.7154899418321495
7413010016,z_B2,Tier 1,Perluasan akses perbankan pemerintah dan koperasi simpan pinjam,,-0.27166923980560326,0.27166923980560326
7413010018,z_B3,Tier 2,,,-0.27772354646700254,0.27772354646700254
7413010019,z_B3,Tier 2,,,-0.27772354646700254,0.27772354646700254
7413010020,z_B1,Tier 1,Penguatan kepadatan usaha perdagangan lokal (pertokoan),,-0.9231821766241524,0.9231821766241524
7413010021,z_B1,Tier 1,Penguatan kepadatan usaha perdagangan lokal (pertokoan),,-0.4023163351661838,0.4023163351661838
7413010022,z_B3,Tier 2,,,-0.27772354646700254,0.27772354646700254
7413010027,z_B3,Tier 2,,,-0.6203188245463229,0.6203188245463229
7413020008,z_B2,Tier 1,Perluasan akses perbankan pemerintah dan koperasi simpan pinjam,"Konektivitas digital di bawah rata-rata, berasosiasi dengan keterbatasan diversifikasi pendapatan non-pertanian",-0.27166923980560326,0.27166923980560326
7413020009,z_B2,Tier 1,Perluasan akses perbankan pemerintah dan koperasi simpan pinjam,"Konektivitas digital di bawah rata-rata, berasosiasi dengan keterbatasan diversifikasi pendapatan non-pertanian",-0.27166923980560326,0.27166923980560326
7413020013,z_B1,Tier 1,Penguatan kepadatan usaha perdagangan lokal (pertokoan),"Konektivitas digital di bawah rata-rata, berasosiasi dengan keterbatasan diversifikasi pendapatan non-pertanian",-0.471292786700904,0.471292786700904
7413030001,z_B2,Tier 1,Perluasan akses perbankan pemerintah dan koperasi simpan pinjam,,-0.27166923980560326,0.27166923980560326
7413030002,z_B1,Tier 1,Penguatan kepadatan usaha perdagangan lokal (pertokoan),"Konektivitas digital di bawah rata-rata, berasosiasi dengan keterbatasan diversifikasi pendapatan non-pertanian",-0.8135548907268579,0.8135548907268579
7413030003,z_B3,Tier 2,,,-0.5679411542517364,0.5679411542517364
7413030005,z_B3,Tier 2,,"Konektivitas digital di bawah rata-rata, berasosiasi dengan keterbatasan diversifikasi pendapatan non-pertanian",-0.9874427823429638,0.9874427823429638
7413030011,z_B1,Tier 1,Penguatan kepadatan usaha perdagangan lokal (pertokoan),"Konektivitas digital di bawah rata-rata, berasosiasi dengan keterbatasan diversifikasi pendapatan non-pertanian",-0.9513769487865819,0.9513769487865819
7413030012,z_B1,Tier 1,Penguatan kepadatan usaha perdagangan lokal (pertokoan),"Konektivitas digital di bawah rata-rata, berasosiasi dengan keterbatasan diversifikasi pendapatan non-pertanian",-0.7154899418321495,0.7154899418321495
7413040002,z_B2,Tier 1,Perluasan akses perbankan pemerintah dan koperasi simpan pinjam,"Konektivitas digital di bawah rata-rata, berasosiasi dengan keterbatasan diversifikasi pendapatan non-pertanian",-0.27166923980560326,0.27166923980560326
7413040003,z_B2,Tier 1,Perluasan akses perbankan pemerintah dan koperasi simpan pinjam,,-0.27166923980560326,0.27166923980560326
7413050001,z_B2,Tier 1,Perluasan akses perbankan pemerintah dan koperasi simpan pinjam,,-0.27166923980560326,0.27166923980560326
7413050005,z_B3,Tier 2,,,-0.9874427823429638,0.9874427823429638
7413060008,z_B7,Tier 1,Pemenuhan layanan kesehatan dasar (pemerataan layanan),"Konektivitas digital di bawah rata-rata, berasosiasi dengan keterbatasan diversifikasi pendapatan non-pertanian",-0.29213101705915423,0.29213101705915423
7413060010,z_B3,Tier 2,,,-0.27772354646700254,0.27772354646700254
7413070002,z_B1,Tier 1,Penguatan kepadatan usaha perdagangan lokal (pertokoan),,-0.9231821766241524,0.9231821766241524
7413070004,z_B3,Tier 2,,"Konektivitas digital di bawah rata-rata, berasosiasi dengan keterbatasan diversifikasi pendapatan non-pertanian",-0.27772354646700254,0.27772354646700254
7413070016,z_B1,Tier 1,Penguatan kepadatan usaha perdagangan lokal (pertokoan),"Konektivitas digital di bawah rata-rata, berasosiasi dengan keterbatasan diversifikasi pendapatan non-pertanian",-1.1909440374765494,1.1909440374765494
7413070017,z_B7,Tier 1,Pemenuhan layanan kesehatan dasar (pemerataan layanan),,-0.29213101705915423,0.29213101705915423
7413080003,z_B1,Tier 1,Penguatan kepadatan usaha perdagangan lokal (pertokoan),"Konektivitas digital di bawah rata-rata, berasosiasi dengan keterbatasan diversifikasi pendapatan non-pertanian",-1.1909440374765494,1.1909440374765494
7413080008,z_B3,Tier 2,,,-0.27772354646700254,0.27772354646700254
7413090001,z_B1,Tier 1,Penguatan kepadatan usaha perdagangan lokal (pertokoan),"Konektivitas digital di bawah rata-rata, berasosiasi dengan keterbatasan diversifikasi pendapatan non-pertanian",-1.0474673427682717,1.0474673427682717
7413090002,z_B1,Tier 1,Penguatan kepadatan usaha perdagangan lokal (pertokoan),,-0.27803116902206426,0.27803116902206426
7413090004,z_B3,Tier 2,,,-0.27772354646700254,0.27772354646700254
7413090005,z_B3,Tier 2,,,-0.27772354646700254,0.27772354646700254
7413090006,z_B1,Tier 1,Penguatan kepadatan usaha perdagangan lokal (pertokoan),"Konektivitas digital di bawah rata-rata, berasosiasi dengan keterbatasan diversifikasi pendapatan non-pertanian",-0.5457930298744611,0.5457930298744611
7413090007,z_B7,Tier 1,Pemenuhan layanan kesehatan dasar (pemerataan layanan),"Konektivitas digital di bawah rata-rata, berasosiasi dengan keterbatasan diversifikasi pendapatan non-pertanian",-0.29213101705915423,0.29213101705915423
7413100014,z_B3,Tier 2,,"Konektivitas digital di bawah rata-rata, berasosiasi dengan keterbatasan diversifikasi pendapatan non-pertanian",-0.6972251745582301,0.6972251745582301
7413100020,z_B3,Tier 2,,,-0.6972251745582301,0.6972251745582301
7413110003,z_B3,Tier 2,,"Konektivitas digital di bawah rata-rata, berasosiasi dengan keterbatasan diversifikasi pendapatan non-pertanian",-0.842333978450597,0.842333978450597
7414020001,z_B3,Tier 2,,,-0.6203188245463229,0.6203188245463229
7414020030,z_B3,Tier 2,,,-0.9874427823429638,0.9874427823429638
7414040001,z_B1,Tier 1,Penguatan kepadatan usaha perdagangan lokal (pertokoan),,-0.6267794049360415,0.6267794049360415
7414040008,z_B1,Tier 1,Penguatan kepadatan usaha perdagangan lokal (pertokoan),,-1.0474673427682717,1.0474673427682717
7414050007,z_B7,Tier 1,Pemenuhan layanan kesehatan dasar (pemerataan layanan),"Konektivitas digital di bawah rata-rata, berasosiasi dengan keterbatasan diversifikasi pendapatan non-pertanian",-0.29213101705915423,0.29213101705915423
7414060001,z_B3,Tier 2,,"Konektivitas digital di bawah rata-rata, berasosiasi dengan keterbatasan diversifikasi pendapatan non-pertanian",-0.33645876788950574,0.33645876788950574
7414060014,z_B2,Tier 1,Perluasan akses perbankan pemerintah dan koperasi simpan pinjam,,-0.27166923980560326,0.27166923980560326
7414060017,z_B7,Tier 1,Pemenuhan layanan kesehatan dasar (pemerataan layanan),"Konektivitas digital di bawah rata-rata, berasosiasi dengan keterbatasan diversifikasi pendapatan non-pertanian",-0.29213101705915423,0.29213101705915423
7415030007,z_B1,Tier 1,Penguatan kepadatan usaha perdagangan lokal (pertokoan),,-0.27803116902206426,0.27803116902206426
7415030021,z_B2,Tier 1,Perluasan akses perbankan pemerintah dan koperasi simpan pinjam,,-0.27166923980560326,0.27166923980560326
7415030023,z_B1,Tier 1,Penguatan kepadatan usaha perdagangan lokal (pertokoan),,-0.471292786700904,0.471292786700904
7415040012,z_B7,Tier 1,Pemenuhan layanan kesehatan dasar (pemerataan layanan),,-0.29213101705915423,0.29213101705915423
7415060010,z_B3,Tier 2,,,-0.9874427823429638,0.9874427823429638
