iddesa,has_agri,is_urban,is_analytic,is_ndvi_exc,is_ntl_exc
7401050016,True,True,True,False,False
7401050019,True,True,True,False,False
7401050020,True,True,True,False,False
7401050021,True,True,True,False,False
7401050022,True,True,True,False,False
7401050023,True,True,True,False,False
7401050024,False,True,False,False,False
7401050025,True,True,True,False,False
7401050026,False,True,False,False,False
7401050027,True,True,True,False,False
7401050028,True,True,True,False,False
7401050029,True,True,True,False,False
7401050030,True,True,True,False,False
7401050031,True,True,True,False,False
7401050032,True,True,True,False,False
7401051008,True,True,True,False,False
7401051009,True,True,True,False,False
7401051010,False,True,False,False,False
7401051011,True,True,True,False,False
7401051012,True,True,True,False,False
7401051013,True,True,True,False,False
7401051014,True,True,True,False,False
7401051015,True,True,True,False,False
7401051016,False,True,False,False,False
7401051017,True,True,True,False,False
7401051018,False,True,False,False,False
7401051019,False,True,False,False,False
7401051020,False,True,False,False,False
7401051021,True,True,True,False,False
7401051022,False,True,False,False,False
7401051023,True,True,True,False,False
7401052001,False,True,False,False,False
7401052002,True,True,True,False,False
7401052003,False,True,False,False,False
7401052004,True,True,True,False,False
7401052005,True,True,True,False,False
7401052006,True,True,True,False,False
7401052007,True,True,True,False,False
7401052008,True,True,True,False,False
7401052009,True,True,True,False,False
7401052010,False,True,False,False,False
7401052011,True,True,True,False,False
7401060006,True,True,True,False,False
7401060007,True,True,True,False,False
7401060008,True,True,True,False,False
7401060009,True,True,True,False,False
7401060010,True,True,True,False,False
7401060011,True,True,True,False,False
7401060012,False,True,False,False,False
7401060013,True,True,True,False,False
7401060014,False,True,False,False,False
7401060015,False,True,False,False,False
7401060016,False,True,False,False,False
7401060017,True,True,True,False,False
7401060018,True,True,True,False,False
7401060019,True,True,True,True,False
7401060020,True,True,True,False,False
7401060021,True,True,True,False,False
7401060022,True,True,True,False,False
7401060023,False,True,False,False,False
7401060024,False,True,False,False,False
7401060029,True,True,True,False,False
7401060030,True,True,True,False,False
7401060031,True,True,True,False,False
7401061025,True,True,True,False,False
7401061026,False,True,False,False,False
7401061027,True,True,True,False,False
7401061028,True,True,True,False,False
7401061029,False,True,False,False,False
7401061030,True,True,True,False,False
7401061031,False,True,False,False,False
7401062001,True,True,True,False,False
7401062002,False,True,False,False,False
7401062003,False,True,False,False,False
7401062004,False,True,False,False,False
7401062005,False,True,False,False,False
7401062006,False,True,False,False,False
7401062007,False,True,False,False,False
7401110001,False,True,False,False,False
7401110002,True,True,True,False,False
7401110003,True,True,True,False,False
7401110004,True,True,True,False,False
7401110005,True,True,True,False,False
7401110006,True,True,True,False,False
7401110007,True,True,True,False,False
7401110008,True,True,True,False,False
7401110009,True,True,True,False,False
7401110010,True,True,True,False,False
7401110011,True,True,True,False,False
7401110012,True,True,True,False,False
7401110013,True,True,True,False,False
7401110014,True,True,True,False,False
7401110015,True,True,True,False,False
7401110016,True,True,True,False,False
7401110017,True,True,True,False,False
7402010006,False,True,False,False,False
7402010007,False,True,False,False,False
7402010008,True,True,True,False,False
7402010011,True,True,True,False,False
7402010012,False,True,False,False,False
7402010013,True,True,True,False,False
7402010014,True,True,True,False,False
7402010015,True,True,True,False,False
7402010016,True,True,True,False,False
7402010017,True,True,True,False,False
7402010018,True,True,True,False,False
7402010019,True,True,True,False,False
7402011001,True,True,True,False,False
7402011002,True,True,True,False,False
7402011003,True,True,True,True,True
7402011004,False,True,False,False,False
7402011005,False,True,False,False,False
7402011006,True,True,True,False,False
7402020010,True,True,True,False,False
7402020011,True,True,True,False,False
7402020012,True,True,True,False,False
7402020013,True,True,True,False,False
7402020014,True,True,True,False,False
7402020015,False,True,False,False,False
7402020016,True,True,True,False,False
7402020017,True,True,True,False,False
7402020018,True,True,True,False,False
7402020019,True,True,True,False,False
7402020020,True,True,True,False,False
7402021006,True,True,True,False,False
7402021007,True,True,True,False,False
7402021008,True,True,True,False,False
7402021011,True,True,True,False,False
7402021012,True,True,True,False,False
7402022001,False,True,False,False,False
7402022002,False,True,False,False,False
7402022003,True,True,True,True,False
7402022004,True,True,True,False,False
7402022005,False,True,False,False,False
7402030001,True,True,True,False,False
7402030002,True,True,True,False,False
7402030003,True,True,True,False,False
7402030004,True,True,True,False,False
7402030005,False,True,False,False,False
7402030006,True,True,True,False,False
7402030007,True,True,True,False,False
7402030008,True,True,True,False,False
7402030009,True,True,True,False,False
7402030010,True,True,True,False,False
7402030019,True,True,True,False,False
7402031001,True,True,True,False,False
7402031002,True,True,True,False,False
7402031003,True,True,True,False,False
7402031004,True,True,True,False,False
7402031005,True,True,True,True,True
7402031006,True,True,True,False,False
7402031007,True,True,True,True,False
7402031008,True,True,True,False,False
7402031009,True,True,True,False,False
7402032001,True,True,True,False,False
7402032002,True,True,True,False,False
7402032003,True,True,True,False,False
7402032004,True,True,True,False,False
7402032005,False,True,False,False,False
7402032006,False,True,False,False,False
7402061001,True,True,True,False,False
7402061002,False,True,False,False,False
7402061003,False,True,False,False,False
7402061004,False,True,False,False,False
7402061005,True,True,True,False,False
7402061010,False,True,False,False,False
7402062001,False,True,False,False,False
7402062002,True,True,True,False,True
7402062003,False,True,False,False,False
7402062004,False,True,False,False,False
7402062005,True,True,True,False,False
7402062006,True,True,True,False,False
7402062007,True,True,True,False,False
7402062008,True,True,True,False,False
7402070018,False,True,False,False,False
7402070019,False,True,False,False,False
7402070020,False,True,False,False,False
7402070021,False,True,False,False,False
7402070022,False,True,False,False,False
7402070023,True,True,True,True,True
7402070024,False,True,False,False,False
7402070025,False,True,False,False,False
7402071001,False,True,False,False,False
7402071002,False,True,False,False,False
7402071003,False,True,False,False,False
7402071004,True,True,True,False,True
7402071005,False,True,False,False,False
7402071006,False,True,False,False,False
7402071007,False,True,False,False,False
7402071008,False,True,False,False,False
7402071009,False,True,False,False,False
7402072001,True,True,True,False,True
7402072002,False,True,False,False,False
7402072003,False,True,False,False,False
7402072004,False,True,False,False,False
7402072005,False,True,False,False,False
7402072006,True,True,True,True,True
7402072007,False,True,False,False,False
7402073001,False,True,False,False,False
7402073002,True,True,True,True,True
7402073003,False,True,False,False,False
7402073004,False,True,False,False,False
7402080008,True,True,True,False,False
7402080009,True,True,True,False,False
7402080010,True,True,True,False,True
7402080011,True,True,True,False,False
7402080012,True,True,True,False,False
7402080013,True,True,True,False,False
7402081001,True,True,True,False,False
7402081002,True,True,True,False,False
7402081003,False,True,False,False,False
7402081004,False,True,False,False,False
7402081005,False,True,False,False,False
7402081006,False,True,False,False,False
7402081007,True,True,True,False,False
7402083001,False,True,False,False,False
7402083002,False,True,False,False,False
7402083003,False,True,False,False,False
7402083004,False,True,False,False,False
7402083005,False,True,False,False,False
7402090009,False,True,False,False,False
7402090010,False,True,False,False,False
7402090011,True,True,True,False,False
7402090012,True,True,True,True,False
7402090013,True,True,True,False,False
7402091001,False,True,False,False,False
7402091002,False,True,False,False,False
7402091007,True,True,True,False,False
7402091008,True,True,True,False,False
7402091009,False,True,False,False,False
7402091010,True,True,True,False,False
7402092001,False,True,False,False,False
7402092002,True,True,True,False,False
7402092003,False,True,False,False,False
7402092004,True,True,True,False,False
7402111004,True,True,True,False,False
7402111005,True,True,True,False,False
7402111006,False,True,False,False,False
7402111007,False,True,False,False,False
7402111008,True,True,True,False,False
7402111009,True,True,True,False,False
7402112001,True,True,True,False,False
7402112002,True,True,True,True,False
7402112003,True,True,True,True,False
7402112004,False,True,False,False,False
7403090010,False,True,False,False,False
7403090011,False,True,False,False,False
7403090012,True,True,True,False,False
7403090013,True,True,True,False,False
7403090014,False,True,False,False,False
7403090015,False,True,False,False,False
7403090016,False,True,False,False,False
7403090017,False,True,False,False,False
7403090018,True,True,True,False,False
7403090019,True,True,True,False,False
7403090020,False,True,False,False,False
7403090023,False,True,False,False,False
7403090024,False,True,False,False,False
7403090025,False,True,False,False,False
7403090026,False,True,False,False,False
7403091001,False,True,False,False,False
7403091002,False,True,False,False,False
7403091003,False,True,False,False,False
7403091004,False,True,False,False,False
7403091005,False,True,False,False,False
7403091006,False,True,False,False,False
7403091007,False,True,False,False,False
7403091008,False,True,False,False,False
7403091009,True,True,True,False,False
7403091010,True,True,True,False,False
7403091011,True,True,True,False,False
7403100010,False,True,False,False,False
7403100011,False,True,False,False,False
7403100012,False,True,False,False,False
7403100013,True,True,True,False,False
7403100014,False,True,False,False,False
7403100015,True,True,True,False,False
7403100016,True,True,True,False,False
7403100017,True,True,True,False,False
7403100018,True,True,True,False,False
7403100019,True,True,True,False,False
7403100020,False,True,False,False,False
7403100021,False,True,False,False,False
7403100022,False,True,False,False,False
7403100023,False,True,False,False,False
7403100024,True,True,True,False,False
7403101010,True,True,True,False,False
7403101011,True,True,True,False,True
7403101012,True,True,True,False,True
7403101013,True,True,True,False,False
7403101014,True,True,True,False,False
7403101015,True,True,True,True,False
7403101026,True,True,True,False,False
7403101027,True,True,True,False,False
7403101028,True,True,True,False,False
7403102001,False,True,False,False,False
7403102002,False,True,False,False,False
7403102003,True,True,True,False,False
7403102004,True,True,True,True,False
7403102005,False,True,False,False,False
7403102006,True,True,True,False,False
7403102007,False,True,False,False,False
7403102008,False,True,False,False,False
7403102009,True,True,True,False,False
7403102010,True,True,True,False,False
7403102011,False,True,False,False,False
7403102012,False,True,False,False,False
7403102013,False,True,False,False,False
7403102014,False,True,False,False,False
7403102015,True,True,True,True,False
7403102016,False,True,False,False,False
7403102017,False,True,False,False,False
7403103001,True,True,True,False,False
7403103002,True,True,True,False,False
7403103003,True,True,True,False,False
7403103004,False,True,False,False,False
7403103005,False,True,False,False,False
7403103006,False,True,False,False,False
7403103007,True,True,True,False,False
7403103008,True,True,True,False,False
7403103009,True,True,True,False,False
7403103010,True,True,True,True,True
7403103011,False,True,False,False,False
7403103012,True,True,True,False,False
7403103013,False,True,False,False,False
7403103014,True,True,True,False,False
7403103015,False,True,False,False,False
7403104001,False,True,False,False,False
7403104002,False,True,False,False,False
7403104003,True,True,True,False,False
7403104004,True,True,True,False,False
7403104005,False,True,False,False,False
7403104006,False,True,False,False,False
7403104007,False,True,False,False,False
7403104008,True,True,True,False,False
7403104009,True,True,True,False,False
7403104010,True,True,True,False,False
7403105001,True,True,True,False,False
7403105002,True,True,True,False,False
7403105003,True,True,True,False,False
7403105004,True,True,True,False,False
7403105005,True,True,True,False,False
7403105006,True,True,True,False,True
7403105007,True,True,True,True,True
7403105008,True,True,True,False,False
7403105009,True,True,True,False,False
7403105010,True,True,True,False,True
7403130045,True,True,True,False,False
7403130046,True,True,True,False,False
7403130047,True,True,True,False,False
7403130048,True,True,True,False,False
7403130049,True,True,True,False,False
7403130055,True,True,True,True,False
7403130056,True,True,True,False,False
7403130059,True,True,True,False,False
7403130060,True,True,True,False,False
7403130061,True,True,True,False,False
7403131001,True,True,True,False,False
7403131002,True,True,True,False,False
7403131003,True,True,True,False,False
7403131004,True,True,True,False,False
7403131005,True,True,True,False,False
7403131006,False,True,False,False,False
7403131007,True,True,True,False,False
7403131008,True,True,True,False,False
7403131009,True,True,True,False,False
7403131010,True,True,True,False,False
7403131011,True,True,True,False,False
7403131012,True,True,True,False,False
7403131013,True,True,True,False,False
7403131014,True,True,True,False,False
7403131015,True,True,True,False,False
7403131017,True,True,True,False,False
7403131018,True,True,True,False,False
7403131019,True,True,True,False,False
7403132001,True,True,True,False,False
7403132002,True,True,True,False,False
7403132003,False,True,False,False,False
7403132004,True,True,True,False,False
7403132005,True,True,True,False,False
7403132006,True,True,True,False,False
7403132007,True,True,True,False,False
7403132008,True,True,True,False,False
7403132009,True,True,True,False,False
7403132010,True,True,True,False,False
7403132011,True,True,True,False,False
7403132012,True,True,True,False,False
7403132013,True,True,True,False,False
7403132014,True,True,True,False,False
7403132015,False,True,False,False,False
7403132016,True,True,True,False,False
7403133001,True,True,True,False,False
7403133002,True,True,True,False,False
7403133003,True,True,True,False,False
7403133004,True,True,True,False,False
7403133005,False,True,False,False,False
7403133006,True,True,True,False,False
7403133007,True,True,True,False,False
7403133008,True,True,True,False,False
7403133009,True,True,True,False,False
7403133010,True,True,True,False,False
7403133011,True,True,True,False,False
7403133012,True,True,True,False,False
7403140003,True,True,True,False,False
7403140004,True,True,True,False,False
7403140005,True,True,True,False,False
7403140022,True,True,True,False,False
7403140023,True,True,True,False,False
7403140024,True,True,True,False,False
7403140025,True,True,True,False,False
7403140026,True,True,True,False,False
7403140027,True,True,True,False,False
7403140028,True,True,True,False,False
7403140029,True,True,True,False,False
7403140030,True,True,True,False,False
7403140031,True,True,True,False,False
7403140032,True,True,True,False,False
7403140033,True,True,True,False,False
7403140034,True,True,True,False,False
7403140035,True,True,True,False,False
7403140036,True,True,True,False,False
7403141001,True,True,True,False,False
7403141002,True,True,True,False,False
7403141003,True,True,True,False,False
7403141004,True,True,True,False,False
7403141005,True,True,True,False,False
7403141006,True,True,True,False,False
7403141015,True,True,True,False,False
7403141016,True,True,True,False,False
7403141017,True,True,True,False,False
7403141018,True,True,True,False,False
7403141021,True,True,True,False,False
7403141022,True,True,True,False,False
7403141025,True,True,True,False,False
7403141026,True,True,True,False,False
7403141029,True,True,True,False,False
7403141030,True,True,True,False,False
7403142001,True,True,True,False,False
7403142002,True,True,True,False,False
7403142003,True,True,True,False,False
7403142004,True,True,True,False,False
7403142005,True,True,True,False,False
7403142006,True,True,True,False,False
7403142007,True,True,True,False,False
7403142008,True,True,True,False,False
7403142009,True,True,True,False,False
7403142010,True,True,True,False,False
7403142011,True,True,True,False,False
7403142012,True,True,True,False,False
7403142013,True,True,True,False,False
7403142014,True,True,True,False,False
7403142015,True,True,True,False,False
7403143001,True,True,True,False,False
7403143002,True,True,True,False,False
7403143003,True,True,True,False,False
7403143004,True,True,True,False,False
7403143005,True,True,True,False,False
7403143006,True,True,True,False,False
7403143007,True,True,True,False,False
7403143008,True,True,True,False,False
7403143009,True,True,True,False,False
7403143010,True,True,True,False,False
7403143011,True,True,True,False,False
7403143012,True,True,True,False,False
7403143013,True,True,True,False,False
7403143014,True,True,True,False,False
7403150004,True,True,True,False,False
7403150009,True,True,True,False,False
7403150010,True,True,True,False,False
7403150011,True,True,True,False,False
7403150012,True,True,True,False,False
7403150013,True,True,True,True,True
7403150014,True,True,True,False,False
7403150015,True,True,True,False,False
7403150016,True,True,True,False,False
7403150017,True,True,True,False,False
7403150018,True,True,True,False,False
7403150019,True,True,True,False,False
7403150027,True,True,True,False,False
7403150030,True,True,True,False,False
7403150031,True,True,True,False,False
7403150032,True,True,True,False,False
7403150033,True,True,True,False,False
7403150034,True,True,True,False,False
7403150035,True,True,True,False,False
7403151001,True,True,True,False,False
7403151002,True,True,True,False,False
7403151003,True,True,True,False,False
7403151004,True,True,True,False,False
7403151005,True,True,True,False,False
7403151006,True,True,True,False,False
7403151007,True,True,True,False,False
7403151008,True,True,True,False,False
7403151009,False,True,False,False,False
7403152001,True,True,True,False,False
7403152002,True,True,True,False,False
7403152003,True,True,True,False,False
7403152004,True,True,True,False,False
7403152005,True,True,True,False,False
7403152006,True,True,True,False,False
7403152007,True,True,True,False,False
7403152008,True,True,True,False,False
7403152009,True,True,True,False,False
7403152010,True,True,True,False,False
7403152011,True,True,True,False,False
7403152012,True,True,True,False,False
7403170001,True,True,True,False,False
7403170002,True,True,True,False,True
7403170003,True,True,True,False,True
7403170004,True,True,True,False,True
7403170005,True,True,True,False,True
7403170006,True,True,True,False,False
7403170007,True,True,True,True,True
7403170012,True,True,True,False,False
7403170013,True,True,True,False,False
7403170014,True,True,True,True,False
7403170015,True,True,True,False,False
7403170016,True,True,True,False,True
7403171001,True,True,True,False,False
7403171002,True,True,True,False,False
7403171003,True,True,True,False,False
7403171004,True,True,True,False,False
7403171005,True,True,True,False,False
7403171006,True,True,True,True,False
7403171007,True,True,True,False,False
7403171008,True,True,True,False,False
7403180012,True,True,True,False,False
7403180013,True,True,True,False,False
7403180014,True,True,True,False,False
7403180015,True,True,True,False,False
7403180016,True,True,True,False,False
7403180017,True,True,True,False,False
7403180018,True,True,True,False,False
7403180025,True,True,True,False,False
7403180035,True,True,True,False,False
7403180042,True,True,True,False,False
7403180043,True,True,True,False,False
7403180044,True,True,True,False,False
7403181001,True,True,True,False,False
7403181002,True,True,True,False,False
7403181003,True,True,True,False,False
7403181004,False,True,False,False,False
7403181005,True,True,True,False,False
7403181006,True,True,True,False,False
7403181007,True,True,True,False,False
7403181008,True,True,True,False,False
7403181009,True,True,True,False,False
7403181010,False,True,False,False,False
7403181011,True,True,True,False,False
7403181017,False,True,False,False,False
7403182001,True,True,True,False,False
7403182002,True,True,True,False,False
7403182003,True,True,True,False,False
7403182004,True,True,True,True,False
7403182005,True,True,True,False,False
7403182006,True,True,True,False,False
7403182011,True,True,True,False,False
7403182013,True,True,True,False,False
7403182015,True,True,True,False,False
7403182016,True,True,True,False,False
7403183001,True,True,True,False,False
7403183002,True,True,True,False,False
7403183003,True,True,True,False,False
7403183004,True,True,True,False,False
7403183005,True,True,True,True,False
7403183006,True,True,True,False,False
7403183007,True,True,True,False,False
7403183008,True,True,True,False,False
7403183009,True,True,True,False,False
7403184001,True,True,True,False,False
7403184002,True,True,True,False,False
7403184003,True,True,True,False,False
7403184004,True,True,True,False,False
7403184005,True,True,True,False,False
7403184006,True,True,True,False,False
7403184007,True,True,True,False,False
7403184008,True,True,True,False,False
7403184009,True,True,True,False,False
7403184010,True,True,True,False,False
7403184011,True,True,True,False,False
7403185001,True,True,True,False,False
7403185002,True,True,True,False,False
7403185003,True,True,True,False,False
7403185004,True,True,True,False,False
7403185005,True,True,True,False,False
7403185006,True,True,True,False,False
7403185007,True,True,True,False,False
7403185008,True,True,True,False,False
7403185009,True,True,True,False,False
7403185010,True,True,True,False,False
7403193001,False,True,False,False,False
7403193002,False,True,False,False,False
7403193003,False,True,False,False,False
7403193004,False,True,False,False,False
7403193006,False,True,False,False,False
7403193007,False,True,False,False,False
7403193008,False,True,False,False,False
7403193010,False,True,False,False,False
7404010004,True,True,True,False,False
7404010006,True,True,True,False,False
7404010007,True,True,True,True,False
7404010008,True,True,True,False,False
7404010009,True,True,True,False,False
7404010010,True,True,True,False,False
7404010011,True,True,True,False,False
7404010013,True,True,True,False,False
7404010017,True,True,True,False,False
7404010018,True,True,True,False,False
7404010020,True,True,True,False,False
7404010021,True,True,True,False,False
7404010022,True,True,True,False,False
7404010023,True,True,True,False,False
7404011001,True,True,True,False,False
7404011002,True,True,True,False,False
7404011003,True,True,True,False,False
7404011004,True,True,True,False,False
7404011005,False,True,False,False,False
7404011006,False,True,False,False,False
7404011007,False,True,False,False,False
7404011008,True,True,True,False,False
7404011009,True,True,True,False,False
7404011010,False,True,False,False,False
7404011011,True,True,True,False,False
7404011012,False,True,False,False,False
7404011013,True,True,True,False,False
7404011014,True,True,True,False,False
7404012001,True,True,True,False,False
7404012002,True,True,True,False,False
7404012003,True,True,True,True,False
7404012004,True,True,True,False,False
7404012005,True,True,True,False,False
7404012006,True,True,True,False,False
7404012007,True,True,True,True,False
7404012008,False,True,False,False,False
7404012009,True,True,True,True,False
7404012010,True,True,True,False,False
7404013001,True,True,True,False,False
7404013002,True,True,True,False,False
7404013003,True,True,True,False,False
7404013004,False,True,False,False,False
7404013005,True,True,True,False,False
7404013006,True,True,True,False,False
7404013007,True,True,True,False,False
7404020001,True,True,True,False,False
7404020002,True,True,True,False,False
7404020003,True,True,True,True,False
7404020004,True,True,True,True,False
7404020005,True,True,True,False,False
7404020006,True,True,True,True,True
7404020007,True,True,True,False,True
7404020008,True,True,True,False,True
7404020009,True,True,True,False,False
7404020010,True,True,True,False,True
7404020011,True,True,True,True,False
7404020012,True,True,True,False,False
7404030007,True,True,True,False,False
7404030011,True,True,True,False,False
7404030012,True,True,True,False,False
7404030013,True,True,True,False,False
7404030014,True,True,True,False,False
7404030015,False,True,False,False,False
7404030016,True,True,True,False,False
7404030017,True,True,True,False,False
7404030018,False,True,False,False,False
7404030019,True,True,True,False,True
7404030020,True,True,True,False,False
7404031001,True,True,True,False,False
7404031002,True,True,True,False,False
7404031003,True,True,True,False,False
7404031004,True,True,True,False,False
7404031005,True,True,True,False,False
7404031006,True,True,True,False,False
7404031007,True,True,True,False,False
7404031008,True,True,True,False,False
7404031009,True,True,True,False,False
7404031010,False,True,False,False,False
7404060008,True,True,True,True,True
7404060009,True,True,True,False,True
7404060010,True,True,True,False,False
7404060011,True,True,True,True,True
7404060012,True,True,True,True,False
7404060013,True,True,True,False,False
7404060014,True,True,True,False,False
7404061001,True,True,True,False,False
7404061002,True,True,True,False,False
7404061003,True,True,True,False,True
7404061004,True,True,True,False,False
7404061005,False,True,False,False,False
7404061006,False,True,False,False,False
7404061007,False,True,False,False,False
7404070010,True,True,True,False,False
7404070011,True,True,True,False,False
7404070012,True,True,True,False,False
7404070013,True,True,True,False,False
7404070014,True,True,True,False,False
7404070015,True,True,True,False,False
7404070016,True,True,True,False,False
7404070017,True,True,True,False,False
7404070018,True,True,True,False,False
7404070024,True,True,True,False,False
7404070025,True,True,True,False,False
7404070027,True,True,True,True,False
7404070028,True,True,True,False,False
7404070029,False,True,False,False,False
7404071001,True,True,True,False,False
7404071002,True,True,True,False,False
7404071003,True,True,True,False,False
7404071004,True,True,True,False,False
7404071005,True,True,True,False,False
7404071006,True,True,True,False,False
7404071007,True,True,True,False,False
7404071008,True,True,True,False,False
7404071009,False,True,False,False,False
7404071010,True,True,True,False,False
7404071011,True,True,True,False,False
7404071012,True,True,True,False,False
7404071013,True,True,True,False,False
7404071014,True,True,True,False,False
7404071015,True,True,True,False,False
7404071016,False,True,False,False,False
7404071017,True,True,True,False,False
7404071018,True,True,True,False,False
7404071019,True,True,True,False,False
7404072001,True,True,True,False,False
7404072002,True,True,True,False,False
7404072003,True,True,True,False,False
7404072004,True,True,True,False,False
7404072005,False,True,False,False,False
7404072006,True,True,True,False,False
7404072007,True,True,True,False,False
7404072008,True,True,True,False,False
7404072009,False,True,False,False,False
7404072010,False,True,False,False,False
7405010001,True,True,True,False,False
7405010002,True,True,True,False,False
7405010005,True,True,True,False,False
7405010006,True,True,True,False,False
7405010007,True,True,True,False,False
7405010008,True,True,True,False,True
7405010009,True,True,True,False,False
7405010010,False,True,False,False,False
7405010011,False,True,False,False,False
7405010012,True,True,True,False,False
7405010013,True,True,True,False,False
7405010014,True,True,True,False,False
7405010015,True,True,True,False,False
7405010016,True,True,True,False,False
7405010017,True,True,True,False,False
7405010038,True,True,True,True,False
7405010040,True,True,True,False,False
7405010041,True,True,True,False,False
7405010042,True,True,True,False,False
7405010043,True,True,True,False,False
7405010044,True,True,True,False,False
7405010045,True,True,True,False,False
7405010046,True,True,True,False,False
7405010047,True,True,True,False,False
7405011001,True,True,True,False,False
7405011002,True,True,True,False,False
7405011003,True,True,True,False,False
7405011004,True,True,True,False,False
7405011005,True,True,True,False,False
7405011006,True,True,True,True,False
7405011007,True,True,True,False,False
7405011008,True,True,True,False,False
7405011009,True,True,True,True,False
7405011010,True,True,True,False,False
7405011011,True,True,True,False,False
7405011012,True,True,True,False,False
7405011013,True,True,True,False,False
7405011014,True,True,True,False,False
7405011015,True,True,True,False,False
7405011017,True,True,True,False,False
7405011018,True,True,True,False,False
7405011019,False,True,False,False,False
7405020001,True,True,True,False,False
7405020002,True,True,True,False,False
7405020003,True,True,True,False,False
7405020012,True,True,True,False,False
7405020013,True,True,True,False,False
7405020014,True,True,True,False,False
7405020015,True,True,True,False,False
7405020016,True,True,True,False,False
7405020031,True,True,True,False,False
7405020033,True,True,True,False,False
7405021001,True,True,True,False,False
7405021002,True,True,True,False,False
7405021003,True,True,True,False,False
7405021004,True,True,True,False,False
7405021005,True,True,True,False,False
7405021006,True,True,True,False,False
7405021007,True,True,True,False,False
7405021008,True,True,True,False,False
7405021009,True,True,True,False,False
7405021010,True,True,True,False,False
7405021011,True,True,True,False,False
7405021012,True,True,True,False,False
7405021013,True,True,True,False,False
7405021014,True,True,True,False,False
7405021015,True,True,True,False,False
7405021016,True,True,True,False,False
7405022001,True,True,True,False,False
7405022002,True,True,True,False,False
7405022003,True,True,True,False,False
7405022004,True,True,True,False,False
7405022005,True,True,True,False,False
7405022006,True,True,True,False,False
7405022007,True,True,True,False,False
7405022008,True,True,True,False,False
7405022009,True,True,True,False,False
7405022010,True,True,True,False,False
7405030011,True,True,True,False,False
7405030012,True,True,True,False,False
7405030013,True,True,True,False,False
7405030014,True,True,True,False,False
7405030015,True,True,True,False,False
7405030016,True,True,True,False,False
7405030017,True,True,True,False,False
7405030018,True,True,True,False,False
7405030019,True,True,True,False,False
7405030020,True,True,True,False,False
7405030021,True,True,True,False,False
7405030022,True,True,True,False,False
7405030030,True,True,True,False,False
7405030032,True,True,True,False,False
7405030033,True,True,True,False,False
7405031001,True,True,True,False,False
7405031002,True,True,True,False,False
7405031003,True,True,True,False,False
7405031004,True,True,True,False,False
7405031005,True,True,True,False,False
7405031006,False,True,False,False,False
7405031007,True,True,True,False,False
7405031008,True,True,True,False,False
7405031009,True,True,True,False,False
7405031010,True,True,True,True,False
7405032001,True,True,True,False,False
7405032002,True,True,True,False,False
7405032003,True,True,True,False,False
7405032004,True,True,True,False,False
7405032005,True,True,True,False,False
7405032006,True,True,True,False,False
7405032007,True,True,True,False,False
7405032008,True,True,True,False,False
7405040017,True,True,True,False,False
7405040018,True,True,True,False,False
7405040019,True,True,True,False,False
7405040020,True,True,True,False,False
7405040021,True,True,True,False,False
7405040022,True,True,True,False,False
7405040023,True,True,True,False,False
7405040024,True,True,True,False,False
7405040025,True,True,True,False,False
7405040026,True,True,True,False,False
7405040027,True,True,True,False,False
7405040028,True,True,True,False,False
7405041001,True,True,True,False,False
7405041002,False,True,False,False,False
7405041003,True,True,True,False,False
7405041004,True,True,True,False,False
7405041005,True,True,True,False,False
7405041006,True,True,True,False,False
7405041007,True,True,True,False,False
7405041008,True,True,True,False,False
7405041009,True,True,True,False,False
7405041010,True,True,True,False,False
7405041011,True,True,True,False,False
7405041012,True,True,True,False,False
7405041013,True,True,True,False,False
7405041014,True,True,True,False,False
7405041015,True,True,True,False,False
7405041016,True,True,True,False,False
7405041017,True,True,True,False,False
7405050001,False,True,False,False,False
7405050002,False,True,False,False,False
7405050003,True,True,True,False,False
7405050004,True,True,True,False,False
7405050005,True,True,True,False,False
7405050006,True,True,True,False,False
7405050007,True,True,True,False,False
7405050008,False,True,False,False,False
7405050009,True,True,True,False,False
7405050010,True,True,True,False,False
7405050011,True,True,True,False,False
7405050012,False,True,False,False,False
7405050013,True,True,True,False,False
7405050014,True,True,True,False,False
7405050015,True,True,True,False,False
7405050016,False,True,False,False,False
7405050017,False,True,False,False,False
7405050028,True,True,True,False,False
7405050029,False,True,False,False,False
7405050030,True,True,True,False,False
7405050031,False,True,False,False,False
7405051001,False,True,False,False,False
7405051002,False,True,False,False,False
7405051003,False,True,False,False,False
7405051004,False,True,False,False,False
7405051005,True,True,True,False,False
7405051006,False,True,False,False,False
7405051007,False,True,False,False,False
7405051008,False,True,False,False,False
7405051009,False,True,False,False,False
7405051010,False,True,False,False,False
7405060001,False,True,False,False,False
7405060002,False,True,False,False,False
7405060003,False,True,False,False,False
7405060004,False,True,False,False,False
7405060005,True,True,True,False,False
7405060006,True,True,True,False,False
7405060007,False,True,False,False,False
7405060008,True,True,True,False,False
7405060009,True,True,True,False,False
7405060010,False,True,False,False,False
7405060011,True,True,True,False,False
7405060012,False,True,False,False,False
7405060013,False,True,False,False,False
7405060014,False,True,False,False,False
7405060015,True,True,True,False,False
7405060016,False,True,False,False,False
7405060017,False,True,False,False,False
7405060018,False,True,False,False,False
7405060019,False,True,False,False,False
7405070001,True,True,True,False,False
7405070002,False,True,False,False,False
7405070003,True,True,True,False,False
7405070004,True,True,True,False,False
7405070022,False,True,False,False,False
7405070023,True,True,True,True,False
7405070024,True,True,True,False,False
7405070025,True,True,True,True,False
7405070026,True,True,True,False,False
7405070027,True,True,True,False,False
7405070028,True,True,True,False,False
7405070029,True,True,True,False,False
7405070030,True,True,True,False,False
7405070031,True,True,True,False,False
7405070040,True,True,True,False,False
7405070041,True,True,True,False,False
7405070044,True,True,True,True,False
7405070045,False,True,False,False,False
7405070046,False,True,False,False,False
7405070047,False,True,False,False,False
7405071032,True,True,True,True,False
7405071033,True,True,True,False,False
7405071034,True,True,True,False,False
7405071035,True,True,True,False,False
7405071036,True,True,True,False,False
7405071037,True,True,True,True,False
7405071038,True,True,True,False,False
7405071039,True,True,True,False,False
7405071042,True,True,True,False,False
7405071043,True,True,True,True,False
7405080005,True,True,True,False,False
7405080006,True,True,True,False,False
7405080007,True,True,True,False,False
7405080008,True,True,True,False,False
7405080009,True,True,True,False,False
7405080010,True,True,True,False,False
7405080011,True,True,True,False,False
7405080012,False,True,False,False,False
7405080013,True,True,True,False,False
7405080014,True,True,True,False,False
7405080015,True,True,True,False,False
7405080016,True,True,True,False,False
7405080017,True,True,True,False,False
7405080018,True,True,True,False,False
7405080019,True,True,True,False,False
7405080020,True,True,True,False,False
7405080021,True,True,True,False,False
7405081001,True,True,True,False,False
7405081002,True,True,True,False,False
7405081003,True,True,True,False,False
7405081004,True,True,True,False,False
7405081005,False,True,False,False,False
7405081006,True,True,True,False,False
7405081008,False,True,False,False,False
7405090002,True,True,True,False,False
7405090003,True,True,True,False,True
7405090005,True,True,True,True,False
7405090008,True,True,True,True,True
7405090009,True,True,True,False,False
7405090010,True,True,True,False,False
7405090011,True,True,True,False,True
7405090012,True,True,True,False,True
7405090013,True,True,True,False,False
7405090019,False,True,False,False,False
7405090020,True,True,True,False,False
7405090021,True,True,True,False,False
7405091001,True,True,True,False,False
7405091002,True,True,True,False,False
7405091003,True,True,True,False,False
7405091004,True,True,True,False,False
7405091005,True,True,True,False,False
7405091006,True,True,True,False,False
7405091007,False,True,False,False,False
7405091008,False,True,False,False,False
7405091009,True,True,True,False,False
7405100007,True,True,True,False,False
7405100008,True,True,True,False,False
7405100009,True,True,True,False,False
7405100010,True,True,True,False,False
7405100011,True,True,True,False,False
7405100012,True,True,True,False,False
7405100013,True,True,True,False,False
7405100014,True,True,True,True,False
7405100015,True,True,True,False,False
7405100033,True,True,True,False,False
7405100035,True,True,True,False,False
7405100036,True,True,True,False,False
7405101001,True,True,True,False,False
7405101002,True,True,True,False,False
7405101003,True,True,True,False,False
7405101004,True,True,True,False,False
7405101005,True,True,True,False,False
7405101006,True,True,True,False,False
7405101007,True,True,True,False,False
7405101008,True,True,True,False,False
7405101009,True,True,True,False,False
7405101010,True,True,True,True,False
7405101011,True,True,True,False,False
7405101012,True,True,True,False,False
7405101013,True,True,True,False,False
7405101014,True,True,True,False,False
7405101015,True,True,True,False,False
7405101016,True,True,True,False,False
7405101017,True,True,True,False,False
7405101018,True,True,True,False,False
7405101019,True,True,True,False,False
7405101020,True,True,True,False,False
7405102001,True,True,True,False,False
7405102002,True,True,True,False,False
7405102003,True,True,True,False,False
7405102005,False,True,False,False,False
7405102006,True,True,True,True,False
7405102007,True,True,True,False,False
7405102008,True,True,True,True,False
7405102009,True,True,True,False,False
7405102010,True,True,True,False,False
7405110016,True,True,True,False,False
7405110017,True,True,True,False,False
7405110018,True,True,True,False,False
7405110019,True,True,True,False,False
7405110020,True,True,True,False,False
7405110021,False,True,False,False,False
7405110022,True,True,True,False,False
7405110023,True,True,True,False,False
7405110024,True,True,True,False,False
7405110025,True,True,True,False,False
7405110026,True,True,True,False,False
7405110027,True,True,True,False,False
7405110028,True,True,True,False,False
7405110029,True,True,True,False,False
7405110030,True,True,True,False,False
7405110031,False,True,False,False,False
7405110032,True,True,True,False,False
7405110033,True,True,True,False,False
7405110034,True,True,True,False,False
7405110035,True,True,True,False,False
7405110036,True,True,True,False,False
7405110037,True,True,True,False,False
7405110038,True,True,True,False,False
7405110040,True,True,True,False,False
7405111001,True,True,True,False,False
7405111002,True,True,True,False,False
7405111003,True,True,True,False,False
7405111004,True,True,True,False,False
7405111005,True,True,True,False,False
7405111006,False,True,False,False,False
7405111007,True,True,True,False,False
7405111008,True,True,True,False,False
7405111011,True,True,True,False,False
7405111012,False,True,False,False,False
7405111014,True,True,True,False,False
7405111015,True,True,True,False,False
7405112001,True,True,True,False,False
7405112002,True,True,True,False,False
7405112003,True,True,True,False,False
7405112004,True,True,True,False,False
7405112005,True,True,True,False,False
7405112006,True,True,True,False,False
7405112007,True,True,True,False,False
7405112008,True,True,True,False,False
7405112010,True,True,True,False,False
7406010001,False,True,False,False,False
7406010002,False,True,False,False,False
7406010003,True,True,True,False,False
7406010004,True,True,True,False,False
7406011001,True,True,True,False,False
7406011002,True,True,True,False,False
7406011003,True,True,True,False,False
7406011004,True,True,True,False,False
7406011005,True,True,True,False,False
7406011006,False,True,False,False,False
7406012001,True,True,True,False,False
7406012002,True,True,True,True,False
7406012003,False,True,False,False,False
7406012004,False,True,False,False,False
7406013001,True,True,True,False,True
7406013002,True,True,True,False,False
7406013003,False,True,False,False,False
7406013004,True,True,True,False,False
7406013005,False,True,False,False,False
7406020001,False,True,False,False,False
7406020002,False,True,False,False,False
7406020003,True,True,True,False,False
7406020004,False,True,False,False,False
7406020005,False,True,False,False,False
7406020006,False,True,False,False,False
7406020007,False,True,False,False,False
7406021001,False,True,False,False,False
7406021002,False,True,False,False,False
7406021003,False,True,False,False,False
7406021004,True,True,True,True,False
7406021005,False,True,False,False,False
7406021006,True,True,True,False,False
7406021007,True,True,True,False,False
7406030001,False,True,False,False,False
7406030002,True,True,True,True,True
7406030003,True,True,True,False,False
7406030004,True,True,True,False,True
7406030005,True,True,True,False,False
7406030006,False,True,False,False,False
7406031001,True,True,True,False,False
7406031002,True,True,True,False,False
7406031003,True,True,True,False,False
7406031004,True,True,True,False,False
7406031005,True,True,True,False,False
7406031006,False,True,False,False,False
7406031007,True,True,True,False,False
7406031008,True,True,True,False,False
7406031009,False,True,False,False,False
7406031010,True,True,True,False,False
7406031011,True,True,True,False,False
7406032001,False,True,False,False,False
7406032002,True,True,True,False,False
7406032003,False,True,False,False,False
7406032004,False,True,False,False,False
7406032005,False,True,False,False,False
7406033001,False,True,False,False,False
7406033002,False,True,False,False,False
7406033003,False,True,False,False,False
7406033004,True,True,True,False,True
7406033005,True,True,True,False,False
7406040001,True,True,True,False,False
7406040002,True,True,True,False,False
7406040003,True,True,True,False,False
7406040004,True,True,True,False,False
7406040005,True,True,True,False,False
7406040006,True,True,True,False,False
7406040007,True,True,True,False,False
7406040008,True,True,True,False,False
7406040009,True,True,True,False,False
7406041001,True,True,True,False,False
7406041002,True,True,True,False,False
7406041003,True,True,True,False,False
7406041004,True,True,True,False,False
7406041005,True,True,True,False,False
7406041006,True,True,True,False,False
7406041007,True,True,True,False,False
7406041008,True,True,True,False,False
7406042001,True,True,True,False,False
7406042002,True,True,True,False,False
7406042003,True,True,True,False,False
7406042004,True,True,True,False,False
7406042005,True,True,True,False,False
7406043001,True,True,True,False,False
7406043002,True,True,True,False,False
7406043003,True,True,True,False,False
7406043004,True,True,True,False,False
7406043005,True,True,True,False,False
7406043006,True,True,True,False,False
7406043007,True,True,True,False,False
7406043008,True,True,True,False,False
7406043009,True,True,True,False,False
7406050003,True,True,True,False,False
7406050004,True,True,True,False,False
7406050009,True,True,True,False,False
7406050012,True,True,True,False,False
7406050016,True,True,True,False,False
7406051001,True,True,True,False,False
7406051002,True,True,True,False,False
7406051003,True,True,True,False,False
7406051004,True,True,True,False,False
7406051005,True,True,True,False,False
7406051006,True,True,True,False,False
7406051007,True,True,True,False,False
7406051008,True,True,True,False,False
7406052001,True,True,True,False,False
7406052002,True,True,True,False,False
7406052003,True,True,True,False,False
7406052004,True,True,True,False,False
7406052005,True,True,True,False,False
7406053001,True,True,True,False,False
7406053002,False,True,False,False,False
7406053003,True,True,True,False,False
7406053004,True,True,True,False,False
7406053005,True,True,True,False,False
7406060001,True,True,True,False,False
7406060002,True,True,True,False,False
7406060003,True,True,True,False,False
7406060004,False,True,False,False,False
7406060005,False,True,False,False,False
7406060006,True,True,True,False,False
7406060007,True,True,True,True,False
7406060008,True,True,True,True,True
7406060009,True,True,True,False,False
7406060010,True,True,True,False,False
7406061001,True,True,True,True,False
7406061002,True,True,True,False,False
7406061003,True,True,True,False,False
7406061004,True,True,True,False,False
7406061005,True,True,True,False,False
7406061006,True,True,True,False,False
7406061007,True,True,True,False,False
7406061008,True,True,True,False,False
7406061009,False,True,False,False,False
7406061010,True,True,True,False,False
7406061011,True,True,True,False,False
7406061012,False,True,False,False,False
7406062001,True,True,True,False,False
7406062002,True,True,True,False,False
7406062003,True,True,True,False,False
7406062004,True,True,True,False,False
7406062005,True,True,True,True,False
7406063001,True,True,True,False,False
7406063002,True,True,True,False,False
7406063003,True,True,True,False,False
7406063004,True,True,True,False,False
7407010001,False,True,False,False,False
7407010006,False,True,False,False,False
7407010007,True,True,True,False,False
7407010008,False,True,False,False,False
7407010009,False,True,False,False,False
7407010010,False,True,False,False,False
7407010011,False,True,False,False,False
7407010012,False,True,False,False,False
7407010013,False,True,False,False,False
7407011001,False,True,False,False,False
7407011002,False,True,False,False,False
7407011003,False,True,False,False,False
7407011004,False,True,False,False,False
7407011005,False,True,False,False,False
7407020001,True,True,True,True,False
7407020002,False,True,False,False,False
7407020003,False,True,False,False,False
7407020013,False,True,False,False,False
7407020014,False,True,False,False,False
7407020015,False,True,False,False,False
7407020016,False,True,False,False,False
7407020017,False,True,False,False,False
7407020018,False,True,False,False,False
7407020019,False,True,False,False,False
7407021004,False,True,False,False,False
7407021005,True,True,True,True,True
7407021006,False,True,False,False,False
7407021007,False,True,False,False,False
7407021008,False,True,False,False,False
7407021009,False,True,False,False,False
7407021010,False,True,False,False,False
7407021011,False,True,False,False,False
7407021012,False,True,False,False,False
7407030001,False,True,False,False,False
7407030002,False,True,False,False,False
7407030003,False,True,False,False,False
7407030004,False,True,False,False,False
7407030005,False,True,False,False,False
7407030006,False,True,False,False,False
7407030007,False,True,False,False,False
7407030008,False,True,False,False,False
7407030009,False,True,False,False,False
7407030010,False,True,False,False,False
7407030011,False,True,False,False,False
7407030012,False,True,False,False,False
7407030013,False,True,False,False,False
7407030014,False,True,False,False,False
7407030015,False,True,False,False,False
7407030016,False,True,False,False,False
7407031010,False,True,False,False,False
7407031011,False,True,False,False,False
7407031012,False,True,False,False,False
7407031013,False,True,False,False,False
7407031014,False,True,False,False,False
7407031015,False,True,False,False,False
7407031016,False,True,False,False,False
7407031017,False,True,False,False,False
7407031018,False,True,False,False,False
7407031019,False,True,False,False,False
7407040013,True,True,True,True,True
7407040014,False,True,False,False,False
7407040015,False,True,False,False,False
7407040016,False,True,False,False,False
7407040017,False,True,False,False,False
7407040018,False,True,False,False,False
7407040019,False,True,False,False,False
7407040020,False,True,False,False,False
7407040021,False,True,False,False,False
7407040022,False,True,False,False,False
7407040023,True,True,True,False,False
7407040024,False,True,False,False,False
7407040025,False,True,False,False,False
7407040026,False,True,False,False,False
7407040027,False,True,False,False,False
7407040028,False,True,False,False,False
7407040029,False,True,False,False,False
7407040030,False,True,False,False,False
7407040031,False,True,False,False,False
7407040032,False,True,False,False,False
7407050001,False,True,False,False,False
7407050002,False,True,False,False,False
7407050003,False,True,False,False,False
7407050004,True,True,True,False,False
7407050005,False,True,False,False,False
7407050006,False,True,False,False,False
7407050007,False,True,False,False,False
7407050008,False,True,False,False,False
7407050009,False,True,False,False,False
7407050010,True,True,True,False,False
7407050011,False,True,False,False,False
7407050012,False,True,False,False,False
7407050013,True,True,True,False,False
7407050014,False,True,False,False,False
7407050015,False,True,False,False,False
7407050016,False,True,False,False,False
7407050017,True,True,True,False,False
7407050018,False,True,False,False,False
7407050019,False,True,False,False,False
7407050020,False,True,False,False,False
7407050021,False,True,False,False,False
7408010005,True,True,True,False,False
7408010006,True,True,True,False,False
7408010007,True,True,True,False,False
7408010008,True,True,True,False,False
7408010016,True,True,True,False,False
7408010017,True,True,True,False,False
7408010018,True,True,True,False,False
7408011001,False,True,False,False,False
7408011002,False,True,False,False,False
7408011003,False,True,False,False,False
7408011004,False,True,False,False,False
7408011005,False,True,False,False,False
7408011006,True,True,True,False,False
7408011007,True,True,True,False,False
7408012001,True,True,True,False,False
7408012002,True,True,True,False,False
7408012003,False,True,False,False,False
7408012004,True,True,True,False,False
7408012005,False,True,False,False,False
7408012006,True,True,True,False,False
7408012007,True,True,True,False,False
7408020012,True,True,True,False,False
7408020013,True,True,True,False,False
7408020014,True,True,True,False,False
7408020015,True,True,True,False,False
7408020016,True,True,True,True,True
7408020017,True,True,True,False,False
7408020018,True,True,True,False,False
7408020019,True,True,True,False,False
7408020026,True,True,True,True,False
7408020027,True,True,True,False,False
7408020028,True,True,True,False,False
7408020029,True,True,True,False,False
7408021001,True,True,True,False,False
7408021002,True,True,True,False,False
7408021003,True,True,True,False,False
7408021004,False,True,False,False,False
7408021005,True,True,True,False,False
7408021006,False,True,False,False,False
7408030001,True,True,True,False,False
7408030002,True,True,True,False,False
7408030003,False,True,False,False,False
7408030004,True,True,True,False,False
7408030005,True,True,True,False,False
7408030006,True,True,True,False,False
7408030007,True,True,True,False,False
7408030008,True,True,True,False,False
7408030009,True,True,True,False,False
7408030014,False,True,False,False,False
7408030017,True,True,True,False,False
7408030018,True,True,True,False,False
7408031001,True,True,True,False,False
7408031002,False,True,False,False,False
7408031003,True,True,True,False,False
7408031004,True,True,True,False,False
7408031005,False,True,False,False,False
7408031006,False,True,False,False,False
7408031007,True,True,True,False,False
7408040003,True,True,True,False,False
7408040004,True,True,True,False,False
7408040005,True,True,True,False,False
7408040006,True,True,True,False,False
7408040007,True,True,True,False,False
7408040011,True,True,True,False,False
7408040014,True,True,True,False,False
7408040015,True,True,True,False,False
7408040016,True,True,True,True,False
7408040017,False,True,False,False,False
7408040018,True,True,True,False,False
7408040019,True,True,True,False,False
7408041001,True,True,True,False,False
7408041002,True,True,True,False,False
7408041003,True,True,True,False,False
7408041004,True,True,True,False,False
7408041005,True,True,True,False,False
7408041006,True,True,True,False,False
7408041007,True,True,True,False,False
7408041008,True,True,True,False,False
7408050012,True,True,True,False,False
7408050013,True,True,True,False,False
7408050014,True,True,True,False,False
7408050015,True,True,True,False,False
7408050016,True,True,True,False,False
7408050017,True,True,True,False,False
7408050028,True,True,True,False,False
7408050035,True,True,True,False,False
7408050036,True,True,True,False,False
7408050037,True,True,True,False,False
7408050038,True,True,True,False,False
7408051001,True,True,True,False,False
7408051002,True,True,True,False,False
7408051003,True,True,True,False,False
7408051004,True,True,True,False,False
7408051005,True,True,True,False,False
7408051006,True,True,True,False,False
7408051007,True,True,True,False,False
7408051008,True,True,True,False,False
7408051009,True,True,True,False,False
7408052001,True,True,True,False,False
7408052002,True,True,True,False,False
7408052003,True,True,True,False,False
7408052004,True,True,True,False,False
7408052005,True,True,True,False,False
7408052006,False,True,False,False,False
7408052007,True,True,True,False,False
7408052008,True,True,True,False,False
7408052009,True,True,True,True,False
7408052010,True,True,True,False,False
7408060001,True,True,True,False,False
7408060002,True,True,True,False,False
7408060003,False,True,False,False,False
7408060004,True,True,True,False,False
7408060006,True,True,True,False,False
7408060007,True,True,True,True,False
7408060015,True,True,True,False,False
7408060016,False,True,False,False,False
7408060017,False,True,False,False,False
7408060018,True,True,True,False,False
7408060019,True,True,True,False,False
7408061001,True,True,True,False,False
7408061002,True,True,True,False,False
7408061003,True,True,True,False,False
7408061004,True,True,True,False,False
7408061005,True,True,True,False,False
7408061006,True,True,True,False,False
7408061007,True,True,True,False,False
7408061008,True,True,True,False,False
7408062001,True,True,True,False,False
7408062002,False,True,False,False,False
7408062003,True,True,True,False,False
7408062004,True,True,True,False,False
7408062005,False,True,False,False,False
7408062006,False,True,False,False,False
7409100009,True,True,True,False,False
7409100010,False,True,False,False,False
7409100011,True,True,True,False,False
7409100012,False,True,False,False,False
7409100013,True,True,True,False,False
7409100014,True,True,True,False,False
7409100015,True,True,True,False,False
7409100016,True,True,True,False,False
7409100017,False,True,False,False,False
7409100018,True,True,True,False,False
7409100019,True,True,True,False,False
7409100020,True,True,True,False,False
7409100021,False,True,False,False,False
7409100022,True,True,True,False,False
7409100023,True,True,True,False,False
7409101001,True,True,True,False,False
7409101002,True,True,True,False,False
7409101003,True,True,True,False,False
7409101004,True,True,True,False,False
7409101005,True,True,True,False,False
7409101006,True,True,True,False,False
7409101007,True,True,True,False,False
7409101008,True,True,True,False,False
7409101009,False,True,False,False,False
7409101010,True,True,True,False,False
7409101011,True,True,True,False,False
7409110010,False,True,False,False,False
7409110011,True,True,True,False,False
7409110012,True,True,True,False,False
7409110013,False,True,False,False,False
7409110014,False,True,False,False,False
7409110015,False,True,False,False,False
7409110016,False,True,False,False,False
7409110017,False,True,False,False,False
7409110018,True,True,True,False,False
7409110019,False,True,False,False,False
7409110020,False,True,False,False,False
7409110021,False,True,False,False,False
7409110022,False,True,False,False,False
7409120001,False,True,False,False,False
7409120002,False,True,False,False,False
7409120003,False,True,False,False,False
7409120004,False,True,False,False,False
7409120005,False,True,False,False,False
7409120006,False,True,False,False,False
7409120007,False,True,False,False,False
7409120008,False,True,False,False,False
7409120009,False,True,False,False,False
7409120010,True,True,True,False,False
7409120011,False,True,False,False,False
7409120012,True,True,True,False,False
7409120017,True,True,True,False,False
7409120018,True,True,True,False,False
7409120019,True,True,True,False,False
7409120020,True,True,True,False,False
7409120021,True,True,True,False,False
7409120022,True,True,True,False,False
7409120023,False,True,False,False,False
7409120024,False,True,False,False,False
7409120025,False,True,False,False,False
7409120026,False,True,False,False,False
7409120027,False,True,False,False,False
7409121001,True,True,True,False,False
7409121002,True,True,True,False,False
7409121003,True,True,True,False,False
7409121004,True,True,True,False,False
7409121005,True,True,True,False,False
7409121006,False,True,False,False,False
7409121007,True,True,True,False,False
7409121008,True,True,True,False,False
7409121009,True,True,True,False,False
7409121010,True,True,True,False,False
7409121011,True,True,True,False,False
7409121012,True,True,True,False,False
7409121013,True,True,True,False,False
7409121015,True,True,True,False,False
7409122001,False,True,False,False,False
7409122002,False,True,False,False,False
7409122003,True,True,True,False,True
7409122004,True,True,True,False,False
7409122005,False,True,False,False,False
7409122006,False,True,False,False,False
7409122007,True,True,True,False,False
7409122008,True,True,True,False,False
7409122009,True,True,True,False,False
7409122010,False,True,False,False,False
7409122011,False,True,False,False,False
7409122013,False,True,False,False,False
7409122014,False,True,False,False,False
7409122015,False,True,False,False,False
7410010006,False,True,False,False,False
7410010007,True,True,True,False,False
7410010008,True,True,True,False,False
7410010009,True,True,True,False,False
7410010010,False,True,False,False,False
7410010011,False,True,False,False,False
7410010012,False,True,False,False,False
7410010013,False,True,False,False,False
7410010030,True,True,True,False,False
7410010031,False,True,False,False,False
7410010032,True,True,True,False,False
7410010033,False,True,False,False,False
7410010034,False,True,False,False,False
7410010035,False,True,False,False,False
7410011001,True,True,True,False,False
7410011002,True,True,True,False,False
7410011003,True,True,True,False,True
7410011004,True,True,True,False,False
7410011005,True,True,True,False,False
7410011006,True,True,True,False,False
7410011007,False,True,False,False,False
7410011008,False,True,False,False,False
7410011009,True,True,True,False,False
7410011010,False,True,False,False,False
7410011011,False,True,False,False,False
7410011012,False,True,False,False,False
7410011013,True,True,True,False,True
7410011014,True,True,True,False,False
7410011015,True,True,True,False,False
7410020001,True,True,True,False,False
7410020002,False,True,False,False,False
7410020003,False,True,False,False,False
7410020004,True,True,True,False,False
7410020005,True,True,True,False,False
7410020006,True,True,True,False,False
7410020007,False,True,False,False,False
7410020008,False,True,False,False,False
7410020009,False,True,False,False,False
7410020010,True,True,True,False,False
7410020011,False,True,False,False,False
7410020012,False,True,False,False,False
7410030027,False,True,False,False,False
7410030028,False,True,False,False,False
7410030029,False,True,False,False,False
7410030030,False,True,False,False,False
7410030031,True,True,True,False,False
7410030032,True,True,True,False,False
7410030033,True,True,True,False,False
7410030034,True,True,True,False,False
7410030035,True,True,True,False,False
7410030036,True,True,True,False,False
7410030037,False,True,False,False,False
7410030048,True,True,True,False,False
7410030053,False,True,False,False,False
7410030054,True,True,True,False,False
7410030055,True,True,True,False,False
7410030056,True,True,True,False,False
7410030057,True,True,True,False,False
7410031001,False,True,False,False,False
7410031002,False,True,False,False,False
7410031003,False,True,False,False,False
7410031004,True,True,True,False,False
7410031005,True,True,True,False,False
7410031006,False,True,False,False,False
7410031007,False,True,False,False,False
7410031008,False,True,False,False,False
7410032001,False,True,False,False,False
7410032002,False,True,False,False,False
7410032003,True,True,True,True,False
7410032004,True,True,True,True,False
7410032005,True,True,True,False,False
7410032006,True,True,True,True,False
7410040001,True,True,True,False,False
7410040002,True,True,True,False,False
7410040003,True,True,True,False,False
7410040004,True,True,True,False,False
7410040005,True,True,True,False,False
7410040006,True,True,True,True,False
7410040007,True,True,True,False,False
7410040008,True,True,True,False,False
7410040009,True,True,True,False,False
7410050008,True,True,True,True,False
7410050009,True,True,True,False,False
7410050010,True,True,True,False,False
7410050011,True,True,True,False,False
7410050012,False,True,False,False,False
7410050013,True,True,True,False,False
7410050014,False,True,False,False,False
7410050015,False,True,False,False,False
7410050016,False,True,False,False,False
7410050017,False,True,False,False,False
7410050018,False,True,False,False,False
7410050049,False,True,False,False,False
7410050050,False,True,False,False,False
7410050051,True,True,True,False,False
7410050052,False,True,False,False,False
7410050053,False,True,False,False,False
7410050054,False,True,False,False,False
7410050055,True,True,True,False,False
7410050056,False,True,False,False,False
7410051001,True,True,True,False,False
7410051002,True,True,True,True,True
7410051003,False,True,False,False,False
7410051004,True,True,True,False,False
7410051005,True,True,True,True,False
7410051006,True,True,True,False,False
7410051007,True,True,True,False,False
7410051008,True,True,True,False,False
7410051009,True,True,True,False,False
7410051010,False,True,False,False,False
7410051012,True,True,True,False,False
7410051013,True,True,True,False,False
7410051021,False,True,False,False,False
7410051022,True,True,True,False,False
7410051023,False,True,False,False,False
7410052001,False,True,False,False,False
7410052002,False,True,False,False,False
7410052003,False,True,False,False,False
7410052004,False,True,False,False,False
7410052005,False,True,False,False,False
7410052006,False,True,False,False,False
7410052007,False,True,False,False,False
7410052008,False,True,False,False,False
7410052009,False,True,False,False,False
7410052010,False,True,False,False,False
7410052011,False,True,False,False,False
7410052012,False,True,False,False,False
7410052013,False,True,False,False,False
7410052014,True,True,True,False,False
7410052015,True,True,True,False,False
7410052016,True,True,True,False,False
7410052017,False,True,False,False,False
7410060001,False,True,False,False,False
7410060002,False,True,False,False,False
7410060003,True,True,True,False,False
7410060004,True,True,True,True,False
7410060005,True,True,True,False,False
7410060006,True,True,True,False,False
7410060007,True,True,True,False,False
7410060008,False,True,False,False,False
7410060009,False,True,False,False,False
7410060010,True,True,True,False,False
7410060011,True,True,True,False,True
7410060012,True,True,True,False,False
7410070003,True,True,True,True,False
7410070005,True,True,True,False,False
7410070006,True,True,True,False,False
7410070007,True,True,True,False,False
7410070008,True,True,True,False,False
7410070009,True,True,True,False,False
7410070018,True,True,True,False,False
7410070019,True,True,True,False,False
7410070020,True,True,True,False,False
7410070021,False,True,False,False,False
7410070022,False,True,False,False,False
7410070023,True,True,True,False,False
7410070025,False,True,False,False,False
7410070029,True,True,True,False,False
7410070030,False,True,False,False,False
7410071001,True,True,True,False,False
7410071002,False,True,False,False,False
7410071003,True,True,True,False,False
7410071004,True,True,True,False,False
7410071005,True,True,True,False,False
7410071006,False,True,False,False,False
7410071007,True,True,True,False,False
7410071008,True,True,True,False,False
7410071009,True,True,True,False,False
7410071010,True,True,True,False,False
7410071011,True,True,True,False,False
7411010001,True,True,True,False,False
7411010002,True,True,True,False,False
7411010003,True,True,True,False,False
7411010004,True,True,True,False,False
7411010005,True,True,True,False,False
7411010006,True,True,True,False,False
7411010007,True,True,True,False,False
7411010008,True,True,True,False,False
7411010009,True,True,True,False,False
7411010010,True,True,True,False,False
7411010011,True,True,True,False,False
7411020001,True,True,True,False,False
7411020002,True,True,True,False,False
7411020003,True,True,True,False,False
7411020004,True,True,True,False,False
7411020005,True,True,True,False,False
7411020006,True,True,True,False,False
7411020007,True,True,True,False,False
7411020008,True,True,True,True,False
7411020009,True,True,True,False,False
7411020010,True,True,True,False,True
7411020011,True,True,True,False,False
7411020012,True,True,True,False,False
7411020013,True,True,True,False,False
7411020014,True,True,True,False,False
7411020015,True,True,True,False,False
7411030001,True,True,True,False,False
7411030002,True,True,True,False,False
7411030003,True,True,True,False,False
7411030004,True,True,True,False,False
7411030005,True,True,True,False,False
7411030006,True,True,True,False,False
7411030007,True,True,True,False,False
7411030008,True,True,True,False,False
7411030009,True,True,True,False,False
7411030010,True,True,True,False,False
7411030011,True,True,True,False,False
7411030012,True,True,True,False,False
7411040001,True,True,True,False,False
7411040002,True,True,True,False,False
7411040003,True,True,True,False,False
7411040004,True,True,True,False,False
7411040005,True,True,True,False,False
7411040006,True,True,True,False,False
7411040007,True,True,True,False,False
7411040008,True,True,True,False,False
7411040009,True,True,True,False,False
7411040010,True,True,True,False,False
7411040011,True,True,True,False,False
7411040012,True,True,True,False,False
7411050001,True,True,True,False,False
7411050002,True,True,True,False,True
7411050003,True,True,True,False,True
7411050004,True,True,True,False,False
7411050005,True,True,True,False,False
7411050006,True,True,True,False,False
7411050007,True,True,True,False,False
7411050008,True,True,True,False,False
7411050009,True,True,True,False,False
7411050010,True,True,True,False,False
7411060001,True,True,True,False,False
7411060002,True,True,True,True,False
7411060003,True,True,True,False,False
7411060004,True,True,True,False,False
7411060005,True,True,True,False,False
7411060006,True,True,True,False,False
7411060007,True,True,True,False,False
7411060008,True,True,True,False,False
7411060009,True,True,True,False,False
7411070001,True,True,True,False,False
7411070002,True,True,True,False,False
7411070003,True,True,True,False,False
7411070004,True,True,True,False,False
7411070005,True,True,True,False,False
7411070006,True,True,True,True,False
7411070007,False,True,False,False,False
7411070008,True,True,True,False,False
7411070009,True,True,True,True,False
7411070010,True,True,True,False,False
7411070011,True,True,True,False,False
7411070012,True,True,True,False,False
7411070013,True,True,True,False,False
7411070014,True,True,True,False,False
7411070015,True,True,True,False,False
7411070016,True,True,True,False,False
7411080001,True,True,True,False,False
7411080002,True,True,True,False,False
7411080003,True,True,True,False,False
7411080004,True,True,True,False,False
7411080005,True,True,True,False,False
7411090001,True,True,True,False,False
7411090002,True,True,True,False,False
7411090003,True,True,True,False,False
7411090004,True,True,True,False,False
7411090005,True,True,True,False,False
7411090006,True,True,True,False,False
7411090007,False,True,False,False,False
7411090008,True,True,True,False,False
7411090009,True,True,True,False,False
7411090010,True,True,True,False,False
7411100001,False,True,False,False,False
7411100002,True,True,True,False,False
7411100003,True,True,True,False,False
7411100004,True,True,True,False,False
7411100005,True,True,True,False,False
7411100006,True,True,True,False,False
7411100007,True,True,True,False,False
7411100008,True,True,True,False,False
7411100009,True,True,True,False,False
7411100010,True,True,True,False,False
7411100011,False,True,False,False,False
7411100012,True,True,True,False,False
7411110001,True,True,True,False,False
7411110002,True,True,True,False,False
7411110003,True,True,True,False,False
7411110004,True,True,True,False,False
7411110005,True,True,True,False,False
7411110006,True,True,True,False,False
7411110007,True,True,True,False,False
7411110008,True,True,True,False,False
7411110009,True,True,True,False,False
7411110010,True,True,True,False,False
7411120001,True,True,True,False,False
7411120002,True,True,True,False,False
7411120003,True,True,True,False,False
7411120004,True,True,True,False,False
7411120005,True,True,True,False,False
7411120006,True,True,True,False,False
7411120007,True,True,True,False,False
7411120008,False,True,False,False,False
7411120009,False,True,False,False,False
7411120010,True,True,True,True,True
7411120011,False,True,False,False,False
7412010001,False,True,False,False,False
7412010002,False,True,False,False,False
7412010003,False,True,False,False,False
7412010004,True,True,True,False,False
7412010005,True,True,True,False,False
7412010006,True,True,True,True,False
7412010007,True,True,True,True,False
7412010008,True,True,True,False,False
7412010009,True,True,True,False,False
7412010010,True,True,True,False,False
7412010011,True,True,True,False,False
7412010012,False,True,False,False,False
7412010013,False,True,False,False,False
7412010014,True,True,True,False,False
7412010015,False,True,False,False,False
7412020001,False,True,False,False,False
7412020003,False,True,False,False,False
7412020004,True,True,True,False,False
7412020005,True,True,True,False,False
7412020006,False,True,False,False,False
7412020007,False,True,False,False,False
7412020008,False,True,False,False,False
7412020009,True,True,True,False,False
7412020010,False,True,False,False,False
7412020011,True,True,True,True,False
7412020012,True,True,True,False,False
7412030001,False,True,False,False,False
7412030002,False,True,False,False,False
7412030003,True,True,True,True,False
7412030004,True,True,True,False,False
7412030005,True,True,True,False,False
7412030006,True,True,True,True,False
7412030007,False,True,False,False,False
7412030008,False,True,False,False,False
7412030009,False,True,False,False,False
7412030010,False,True,False,False,False
7412040001,False,True,False,False,False
7412040002,False,True,False,False,False
7412040003,False,True,False,False,False
7412040004,False,True,False,False,False
7412040005,True,True,True,False,False
7412040006,True,True,True,False,False
7412040007,True,True,True,False,False
7412040008,True,True,True,False,False
7412040009,True,True,True,False,False
7412040010,False,True,False,False,False
7412040011,False,True,False,False,False
7412040012,False,True,False,False,False
7412040013,False,True,False,False,False
7412040014,True,True,True,False,False
7412040016,True,True,True,False,False
7412040017,False,True,False,False,False
7412040018,True,True,True,False,False
7412040019,True,True,True,False,False
7412040020,True,True,True,False,False
7412040021,True,True,True,False,False
7412040022,False,True,False,False,False
7412050001,False,True,False,False,False
7412050002,False,True,False,False,False
7412050003,True,True,True,False,False
7412050004,True,True,True,False,False
7412050005,False,True,False,False,False
7412050006,False,True,False,False,False
7412050007,True,True,True,False,False
7412050008,False,True,False,False,False
7412050009,True,True,True,False,False
7412050010,False,True,False,False,False
7412050011,True,True,True,False,False
7412060001,False,True,False,False,False
7412060002,False,True,False,False,False
7412060003,True,True,True,False,False
7412060004,True,True,True,False,False
7412060005,False,True,False,False,False
7412060006,False,True,False,False,False
7412060007,False,True,False,False,False
7412060008,False,True,False,False,False
7412060009,False,True,False,False,False
7412060010,False,True,False,False,False
7412060011,False,True,False,False,False
7412060012,False,True,False,False,False
7412070001,False,True,False,False,False
7412070002,False,True,False,False,False
7412070003,False,True,False,False,False
7412070004,False,True,False,False,False
7412070005,False,True,False,False,False
7412070006,False,True,False,False,False
7412070007,False,True,False,False,False
7412070008,False,True,False,False,False
7412070009,False,True,False,False,False
7412070010,False,True,False,False,False
7412070011,True,True,True,False,False
7412070012,False,True,False,False,False
7412070013,False,True,False,False,False
7412070014,False,True,False,False,False
7412070015,False,True,False,False,False
7412070016,False,True,False,False,False
7413010016,True,True,True,False,False
7413010017,True,True,True,False,False
7413010018,True,True,True,False,False
7413010019,True,True,True,True,False
7413010020,True,True,True,False,False
7413010021,True,True,True,False,False
7413010022,True,True,True,False,False
7413010026,True,True,True,False,False
7413010027,True,True,True,False,False
7413020001,True,True,True,True,False
7413020002,False,True,False,False,False
7413020008,True,True,True,False,False
7413020009,True,True,True,False,False
7413020010,False,True,False,False,False
7413020011,True,True,True,False,False
7413020012,False,True,False,False,False
7413020013,True,True,True,False,False
7413030001,True,True,True,False,False
7413030002,True,True,True,False,False
7413030003,True,True,True,False,False
7413030004,True,True,True,False,True
7413030005,True,True,True,False,False
7413030011,True,True,True,False,False
7413030012,True,True,True,False,False
7413030024,True,True,True,False,False
7413040001,True,True,True,False,False
7413040002,True,True,True,False,False
7413040003,True,True,True,False,False
7413040004,True,True,True,False,False
7413040005,True,True,True,False,False
7413050001,True,True,True,False,False
7413050002,False,True,False,False,False
7413050003,False,True,False,False,False
7413050004,True,True,True,False,False
7413050005,True,True,True,True,False
7413050006,True,True,True,False,False
7413050007,False,True,False,False,False
7413060008,True,True,True,False,False
7413060009,True,True,True,False,False
7413060010,True,True,True,False,False
7413060011,True,True,True,False,False
7413060012,True,True,True,False,False
7413060013,True,True,True,False,False
7413060015,True,True,True,False,False
7413060033,False,True,False,False,False
7413070001,True,True,True,False,False
7413070002,True,True,True,False,False
7413070003,True,True,True,False,False
7413070004,True,True,True,False,False
7413070011,False,True,False,False,False
7413070014,True,True,True,False,False
7413070015,True,True,True,False,True
7413070016,True,True,True,False,False
7413070017,True,True,True,False,False
7413070018,True,True,True,False,False
7413080001,False,True,False,False,False
7413080002,True,True,True,False,False
7413080003,True,True,True,False,False
7413080004,False,True,False,False,False
7413080005,False,True,False,False,False
7413080006,False,True,False,False,False
7413080007,True,True,True,False,False
7413080008,True,True,True,False,False
7413090001,True,True,True,False,False
7413090002,True,True,True,False,False
7413090003,True,True,True,False,False
7413090004,True,True,True,False,False
7413090005,True,True,True,False,False
7413090006,True,True,True,False,False
7413090007,True,True,True,False,False
7413100014,True,True,True,False,False
7413100015,False,True,False,False,False
7413100016,True,True,True,False,False
7413100017,True,True,True,False,False
7413100018,True,True,True,False,False
7413100019,False,True,False,False,False
7413100020,True,True,True,False,False
7413100021,True,True,True,False,False
7413100022,False,True,False,False,False
7413100023,False,True,False,False,False
7413110001,False,True,False,False,False
7413110002,True,True,True,False,False
7413110003,True,True,True,False,False
7413110004,True,True,True,False,False
7413110005,True,True,True,False,False
7413110006,False,True,False,False,False
7414010001,True,True,True,False,False
7414010002,False,True,False,False,False
7414010003,True,True,True,True,False
7414010004,True,True,True,True,False
7414010005,True,True,True,False,False
7414010006,False,True,False,False,False
7414010007,False,True,False,False,False
7414020001,True,True,True,False,False
7414020002,True,True,True,False,False
7414020003,True,True,True,True,False
7414020006,False,True,False,False,False
7414020007,False,True,False,False,False
7414020008,False,True,False,False,False
7414020009,False,True,False,False,False
7414020010,True,True,True,True,False
7414020011,True,True,True,False,False
7414020012,False,True,False,False,False
7414020013,True,True,True,False,False
7414020014,True,True,True,False,False
7414020027,False,True,False,False,False
7414020028,True,True,True,False,False
7414020029,True,True,True,False,False
7414020030,True,True,True,False,False
7414020031,False,True,False,False,False
7414020032,False,True,False,False,False
7414020033,True,True,True,False,False
7414030004,False,True,False,False,False
7414030005,False,True,False,False,False
7414030009,True,True,True,False,False
7414030015,False,True,False,False,False
7414030016,True,True,True,False,False
7414030017,False,True,False,False,False
7414030018,False,True,False,False,False
7414030026,True,True,True,False,False
7414030027,False,True,False,False,False
7414030028,False,True,False,False,False
7414040001,True,True,True,False,False
7414040002,True,True,True,False,False
7414040003,False,True,False,False,False
7414040004,False,True,False,False,False
7414040005,True,True,True,False,False
7414040006,True,True,True,False,False
7414040007,False,True,False,False,False
7414040008,True,True,True,False,False
7414050001,True,True,True,False,False
7414050002,True,True,True,False,False
7414050003,True,True,True,False,False
7414050004,False,True,False,False,False
7414050005,False,True,False,False,False
7414050006,True,True,True,False,True
7414050007,True,True,True,False,False
7414050008,False,True,False,False,False
7414050009,False,True,False,False,False
7414050010,True,True,True,False,False
7414050011,False,True,False,False,False
7414050012,True,True,True,True,False
7414050013,False,True,False,False,False
7414050014,True,True,True,False,False
7414050015,True,True,True,False,False
7414060001,True,True,True,False,False
7414060002,True,True,True,False,False
7414060008,True,True,True,False,False
7414060009,False,True,False,False,False
7414060010,True,True,True,False,False
7414060011,True,True,True,False,True
7414060012,False,True,False,False,False
7414060013,True,True,True,False,True
7414060014,True,True,True,False,False
7414060015,False,True,False,False,False
7414060016,False,True,False,False,False
7414060017,True,True,True,False,False
7414070003,True,True,True,False,False
7414070004,False,True,False,False,False
7414070005,False,True,False,False,False
7414070006,True,True,True,True,False
7414070007,False,True,False,False,False
7414070008,False,True,False,False,False
7415010001,False,True,False,False,False
7415010002,False,True,False,False,False
7415010003,False,True,False,False,False
7415010004,False,True,False,False,False
7415010005,False,True,False,False,False
7415010006,False,True,False,False,False
7415010007,False,True,False,False,False
7415020012,True,True,True,False,False
7415020014,False,True,False,False,False
7415020015,False,True,False,False,False
7415020016,False,True,False,False,False
7415020017,False,True,False,False,False
7415020018,False,True,False,False,False
7415020019,False,True,False,False,False
7415030006,False,True,False,False,False
7415030007,True,True,True,False,False
7415030008,False,True,False,False,False
7415030009,False,True,False,False,False
7415030010,True,True,True,False,False
7415030011,False,True,False,False,False
7415030013,False,True,False,False,False
7415030019,False,True,False,False,False
7415030020,True,True,True,True,False
7415030021,True,True,True,False,False
7415030022,True,True,True,False,False
7415030023,True,True,True,False,False
7415030024,False,True,False,False,False
7415030025,False,True,False,False,False
7415030026,False,True,False,False,False
7415030027,False,True,False,False,False
7415040009,False,True,False,False,False
7415040010,False,True,False,False,False
7415040011,False,True,False,False,False
7415040012,True,True,True,False,False
7415040013,False,True,False,False,False
7415040014,False,True,False,False,False
7415040015,False,True,False,False,False
7415040016,False,True,False,False,False
7415040017,False,True,False,False,False
7415040018,False,True,False,False,False
7415040019,False,True,False,False,False
7415040020,True,True,True,True,True
7415050001,False,True,False,False,False
7415050002,False,True,False,False,False
7415050003,False,True,False,False,False
7415050004,False,True,False,False,False
7415050005,False,True,False,False,False
7415050006,False,True,False,False,False
7415050007,False,True,False,False,False
7415050008,False,True,False,False,False
7415060005,False,True,False,False,False
7415060006,False,True,False,False,False
7415060007,False,True,False,False,False
7415060008,False,True,False,False,False
7415060009,False,True,False,False,False
7415060010,True,True,True,False,False
7415060011,False,True,False,False,False
7415060012,False,True,False,False,False
7415060013,False,True,False,False,False
7415060014,False,True,False,False,False
7415070001,True,True,True,False,False
7415070002,False,True,False,False,False
7415070003,True,True,True,False,False
7415070004,False,True,False,False,False
7415070005,False,True,False,False,False
7415070006,False,True,False,False,False
7415070007,False,True,False,False,False
7415070008,True,True,True,False,False
7415070009,False,True,False,False,False
7415070010,False,True,False,False,False
7471010011,False,False,False,False,False
7471010012,False,False,False,False,False
7471010013,False,False,False,False,False
7471010014,False,False,False,False,False
7471010015,False,False,False,False,False
7471010016,False,False,False,False,False
7471011001,False,False,False,False,False
7471011002,False,False,False,False,False
7471011007,False,False,False,False,False
7471011013,False,False,False,False,False
7471012007,False,False,False,False,False
7471012008,False,False,False,False,False
7471012009,False,False,False,False,False
7471012010,False,False,False,False,False
7471012017,False,False,False,False,False
7471012018,False,False,False,False,False
7471013005,False,False,False,False,False
7471013006,False,False,False,False,False
7471013009,False,False,False,False,False
7471013010,False,False,False,False,False
7471013012,False,False,False,False,False
7471014003,False,False,False,False,False
7471014004,False,False,False,False,False
7471014008,False,False,False,False,False
7471014011,False,False,False,False,False
7471020003,False,False,False,False,False
7471020004,False,False,False,False,False
7471020005,False,False,False,False,False
7471020007,False,False,False,False,False
7471020008,False,False,False,False,False
7471021001,False,False,False,False,False
7471021002,False,False,False,False,False
7471021004,False,False,False,False,False
7471021005,False,False,False,False,False
7471021006,False,False,False,False,False
7471021008,False,False,False,False,False
7471021009,False,False,False,False,False
7471022001,False,False,False,False,False
7471022002,False,False,False,False,False
7471022003,False,False,False,False,False
7471022004,False,False,False,False,False
7471023001,False,False,False,False,False
7471023002,False,False,False,False,False
7471023003,False,False,False,False,False
7471023004,False,False,False,False,False
7471023005,False,False,False,False,False
7471023006,False,False,False,False,False
7471030009,False,False,False,False,False
7471030010,False,False,False,False,False
7471030011,False,False,False,False,False
7471030012,False,False,False,False,False
7471030013,False,False,False,False,False
7471030014,False,False,False,False,False
7471030015,False,False,False,False,False
7471030016,False,False,False,False,False
7471030017,False,False,False,False,False
7471031001,False,False,False,False,False
7471031002,False,False,False,False,False
7471031003,False,False,False,False,False
7471031004,False,False,False,False,False
7471031005,False,False,False,False,False
7471031006,False,False,False,False,False
7471031007,False,False,False,False,False
7471031008,False,False,False,False,False
7471031009,False,False,False,False,False
7472010001,False,False,False,False,False
7472010002,False,False,False,False,False
7472010008,False,False,False,False,False
7472010009,False,False,False,False,False
7472010010,False,False,False,False,False
7472011001,False,False,False,False,False
7472011002,False,False,False,False,False
7472011003,False,False,False,False,False
7472011004,False,False,False,False,False
7472011005,False,False,False,False,False
7472012001,False,False,False,False,False
7472012002,False,False,False,False,False
7472012003,False,False,False,False,False
7472012004,False,False,False,False,False
7472012005,False,False,False,False,False
7472012006,False,False,False,False,False
7472020001,False,False,False,False,False
7472020002,False,False,False,False,False
7472020003,False,False,False,False,False
7472020004,False,False,False,False,False
7472020005,False,False,False,False,False
7472020007,False,False,False,False,False
7472020008,False,False,False,False,False
7472021001,False,False,False,False,False
7472021002,False,False,False,False,False
7472021003,False,False,False,False,False
7472021004,False,False,False,False,False
7472021005,False,False,False,False,False
7472021006,False,False,False,False,False
7472030001,False,False,False,False,False
7472030002,False,False,False,False,False
7472030003,False,False,False,False,False
7472030004,False,False,False,False,False
7472040004,False,False,False,False,False
7472040005,False,False,False,False,False
7472040006,False,False,False,False,False
7472040008,False,False,False,False,False
7472040010,False,False,False,False,False
7472041001,False,False,False,False,False
7472041002,False,False,False,False,False
7472041003,False,False,False,False,False
7472041004,False,False,False,False,False
7472041005,False,False,False,False,False
